Frequency [Hz], |S00| [-], Arg(S00) [-], Delay 0>0 [s], |Z0| [Ohm] , Arg(Z0) [-]
2.000000e+08, 1.012113e+00, -6.403557e-01, 5.137198e-10, 1.507655e+02, -1.590946e+00
2.038000e+08, 1.011774e+00, -6.526214e-01, 5.127223e-10, 1.477289e+02, -1.590070e+00
2.076000e+08, 1.011438e+00, -6.648632e-01, 5.117458e-10, 1.448057e+02, -1.589229e+00
2.114000e+08, 1.011104e+00, -6.770817e-01, 5.107894e-10, 1.419895e+02, -1.588421e+00
2.152000e+08, 1.010773e+00, -6.892773e-01, 5.098523e-10, 1.392742e+02, -1.587644e+00
2.190000e+08, 1.010445e+00, -7.014506e-01, 5.089337e-10, 1.366543e+02, -1.586896e+00
2.228000e+08, 1.010119e+00, -7.136020e-01, 5.080330e-10, 1.341244e+02, -1.586177e+00
2.266000e+08, 1.009796e+00, -7.257318e-01, 5.071496e-10, 1.316798e+02, -1.585484e+00
2.304000e+08, 1.009476e+00, -7.378406e-01, 5.062830e-10, 1.293160e+02, -1.584817e+00
2.342000e+08, 1.009160e+00, -7.499287e-01, 5.054328e-10, 1.270289e+02, -1.584174e+00
2.380000e+08, 1.008847e+00, -7.619964e-01, 5.045985e-10, 1.248146e+02, -1.583555e+00
2.418000e+08, 1.008538e+00, -7.740443e-01, 5.037799e-10, 1.226694e+02, -1.582958e+00
2.456000e+08, 1.008233e+00, -7.860726e-01, 5.029766e-10, 1.205899e+02, -1.582383e+00
2.494000e+08, 1.007931e+00, -7.980817e-01, 5.021884e-10, 1.185730e+02, -1.581829e+00
2.532000e+08, 1.007634e+00, -8.100720e-01, 5.014149e-10, 1.166158e+02, -1.581295e+00
2.570000e+08, 1.007341e+00, -8.220438e-01, 5.006561e-10, 1.147153e+02, -1.580780e+00
2.608000e+08, 1.007052e+00, -8.339976e-01, 4.999116e-10, 1.128691e+02, -1.580284e+00
2.646000e+08, 1.006768e+00, -8.459335e-01, 4.991814e-10, 1.110746e+02, -1.579806e+00
2.684000e+08, 1.006488e+00, -8.578520e-01, 4.984652e-10, 1.093296e+02, -1.579345e+00
2.722000e+08, 1.006213e+00, -8.697534e-01, 4.977630e-10, 1.076318e+02, -1.578901e+00
2.760000e+08, 1.005943e+00, -8.816380e-01, 4.970744e-10, 1.059793e+02, -1.578473e+00
2.798000e+08, 1.005677e+00, -8.935062e-01, 4.963996e-10, 1.043700e+02, -1.578061e+00
2.836000e+08, 1.005417e+00, -9.053583e-01, 4.957382e-10, 1.028022e+02, -1.577664e+00
2.874000e+08, 1.005162e+00, -9.171946e-01, 4.950902e-10, 1.012742e+02, -1.577282e+00
2.912000e+08, 1.004912e+00, -9.290155e-01, 4.944555e-10, 9.978422e+01, -1.576914e+00
2.950000e+08, 1.004668e+00, -9.408211e-01, 4.938340e-10, 9.833084e+01, -1.576559e+00
2.988000e+08, 1.004428e+00, -9.526120e-01, 4.932254e-10, 9.691256e+01, -1.576218e+00
3.026000e+08, 1.004195e+00, -9.643883e-01, 4.926299e-10, 9.552800e+01, -1.575890e+00
3.064000e+08, 1.003966e+00, -9.761503e-01, 4.920471e-10, 9.417586e+01, -1.575575e+00
3.102000e+08, 1.003744e+00, -9.878985e-01, 4.914770e-10, 9.285488e+01, -1.575272e+00
3.140000e+08, 1.003527e+00, -9.996331e-01, 4.909195e-10, 9.156388e+01, -1.574981e+00
3.178000e+08, 1.003315e+00, -1.011354e+00, 4.903745e-10, 9.030173e+01, -1.574701e+00
3.216000e+08, 1.003109e+00, -1.023063e+00, 4.898417e-10, 8.906738e+01, -1.574433e+00
3.254000e+08, 1.002909e+00, -1.034758e+00, 4.893212e-10, 8.785980e+01, -1.574176e+00
3.292000e+08, 1.002715e+00, -1.046441e+00, 4.888127e-10, 8.667802e+01, -1.573929e+00
3.330000e+08, 1.002527e+00, -1.058112e+00, 4.883161e-10, 8.552112e+01, -1.573692e+00
3.368000e+08, 1.002344e+00, -1.069771e+00, 4.878314e-10, 8.438823e+01, -1.573466e+00
3.406000e+08, 1.002167e+00, -1.081419e+00, 4.873582e-10, 8.327849e+01, -1.573249e+00
3.444000e+08, 1.001996e+00, -1.093055e+00, 4.868965e-10, 8.219113e+01, -1.573041e+00
3.482000e+08, 1.001830e+00, -1.104680e+00, 4.864461e-10, 8.112536e+01, -1.572843e+00
3.520000e+08, 1.001671e+00, -1.116295e+00, 4.860069e-10, 8.008046e+01, -1.572654e+00
3.558000e+08, 1.001517e+00, -1.127898e+00, 4.855786e-10, 7.905574e+01, -1.572474e+00
3.596000e+08, 1.001368e+00, -1.139492e+00, 4.851611e-10, 7.805052e+01, -1.572301e+00
3.634000e+08, 1.001226e+00, -1.151076e+00, 4.847543e-10, 7.706417e+01, -1.572138e+00
3.672000e+08, 1.001089e+00, -1.162650e+00, 4.843579e-10, 7.609608e+01, -1.571982e+00
3.710000e+08, 1.000957e+00, -1.174215e+00, 4.839717e-10, 7.514567e+01, -1.571834e+00
3.748000e+08, 1.000831e+00, -1.185770e+00, 4.835956e-10, 7.421237e+01, -1.571693e+00
3.786000e+08, 1.000711e+00, -1.197316e+00, 4.832293e-10, 7.329564e+01, -1.571560e+00
3.824000e+08, 1.000596e+00, -1.208854e+00, 4.828727e-10, 7.239498e+01, -1.571434e+00
3.862000e+08, 1.000487e+00, -1.220383e+00, 4.825255e-10, 7.150989e+01, -1.571314e+00
3.900000e+08, 1.000382e+00, -1.231904e+00, 4.821875e-10, 7.063989e+01, -1.571202e+00
3.938000e+08, 1.000283e+00, -1.243417e+00, 4.818586e-10, 6.978453e+01, -1.571096e+00
3.976000e+08, 1.000190e+00, -1.254922e+00, 4.815385e-10, 6.894338e+01, -1.570996e+00
4.014000e+08, 1.000101e+00, -1.266419e+00, 4.812269e-10, 6.811601e+01, -1.570902e+00
4.052000e+08, 1.000017e+00, -1.277909e+00, 4.809237e-10, 6.730202e+01, -1.570814e+00
4.090000e+08, 9.999384e-01, -1.289391e+00, 4.806287e-10, 6.650103e+01, -1.570732e+00
4.128000e+08, 9.998645e-01, -1.300867e+00, 4.803415e-10, 6.571265e+01, -1.570656e+00
4.166000e+08, 9.997954e-01, -1.312335e+00, 4.800620e-10, 6.493654e+01, -1.570585e+00
4.204000e+08, 9.997309e-01, -1.323797e+00, 4.797900e-10, 6.417234e+01, -1.570519e+00
4.242000e+08, 9.996710e-01, -1.335253e+00, 4.795252e-10, 6.341973e+01, -1.570458e+00
4.280000e+08, 9.996155e-01, -1.346702e+00, 4.792674e-10, 6.267838e+01, -1.570402e+00
4.318000e+08, 9.995644e-01, -1.358145e+00, 4.790163e-10, 6.194799e+01, -1.570351e+00
4.356000e+08, 9.995176e-01, -1.369582e+00, 4.787718e-10, 6.122825e+01, -1.570304e+00
4.394000e+08, 9.994749e-01, -1.381013e+00, 4.785335e-10, 6.051888e+01, -1.570262e+00
4.432000e+08, 9.994363e-01, -1.392439e+00, 4.783013e-10, 5.981961e+01, -1.570223e+00
4.470000e+08, 9.994017e-01, -1.403859e+00, 4.780750e-10, 5.913016e+01, -1.570189e+00
4.508000e+08, 9.993709e-01, -1.415274e+00, 4.778542e-10, 5.845028e+01, -1.570159e+00
4.546000e+08, 9.993438e-01, -1.426683e+00, 4.776388e-10, 5.777972e+01, -1.570133e+00
4.584000e+08, 9.993203e-01, -1.438087e+00, 4.774285e-10, 5.711824e+01, -1.570110e+00
4.622000e+08, 9.993004e-01, -1.449486e+00, 4.772231e-10, 5.646561e+01, -1.570091e+00
4.660000e+08, 9.992838e-01, -1.460880e+00, 4.770224e-10, 5.582160e+01, -1.570076e+00
4.698000e+08, 9.992705e-01, -1.472270e+00, 4.768262e-10, 5.518600e+01, -1.570063e+00
4.736000e+08, 9.992604e-01, -1.483655e+00, 4.766342e-10, 5.455860e+01, -1.570054e+00
4.774000e+08, 9.992533e-01, -1.495035e+00, 4.764462e-10, 5.393918e+01, -1.570047e+00
4.812000e+08, 9.992492e-01, -1.506410e+00, 4.762621e-10, 5.332757e+01, -1.570044e+00
4.850000e+08, 9.992478e-01, -1.517782e+00, 4.760815e-10, 5.272357e+01, -1.570043e+00
4.888000e+08, 9.992492e-01, -1.529149e+00, 4.759043e-10, 5.212698e+01, -1.570045e+00
4.926000e+08, 9.992532e-01, -1.540511e+00, 4.757304e-10, 5.153765e+01, -1.570049e+00
4.964000e+08, 9.992596e-01, -1.551870e+00, 4.755594e-10, 5.095539e+01, -1.570056e+00
5.002000e+08, 9.992685e-01, -1.563224e+00, 4.753911e-10, 5.038003e+01, -1.570064e+00
5.040000e+08, 9.992795e-01, -1.574575e+00, 4.752255e-10, 4.981142e+01, -1.570076e+00
5.078000e+08, 9.992928e-01, -1.585921e+00, 4.750623e-10, 4.924940e+01, -1.570089e+00
5.116000e+08, 9.993080e-01, -1.597264e+00, 4.749013e-10, 4.869382e+01, -1.570104e+00
5.154000e+08, 9.993252e-01, -1.608603e+00, 4.747423e-10, 4.814452e+01, -1.570121e+00
5.192000e+08, 9.993442e-01, -1.619938e+00, 4.745852e-10, 4.760137e+01, -1.570139e+00
5.230000e+08, 9.993648e-01, -1.631269e+00, 4.744298e-10, 4.706423e+01, -1.570160e+00
5.268000e+08, 9.993871e-01, -1.642597e+00, 4.742759e-10, 4.653296e+01, -1.570182e+00
5.306000e+08, 9.994109e-01, -1.653921e+00, 4.741234e-10, 4.600743e+01, -1.570205e+00
5.344000e+08, 9.994361e-01, -1.665241e+00, 4.739721e-10, 4.548751e+01, -1.570230e+00
5.382000e+08, 9.994626e-01, -1.676557e+00, 4.738218e-10, 4.497309e+01, -1.570256e+00
5.420000e+08, 9.994903e-01, -1.687870e+00, 4.736724e-10, 4.446403e+01, -1.570283e+00
5.458000e+08, 9.995191e-01, -1.699180e+00, 4.735238e-10, 4.396023e+01, -1.570311e+00
5.496000e+08, 9.995489e-01, -1.710486e+00, 4.733759e-10, 4.346157e+01, -1.570341e+00
5.534000e+08, 9.995795e-01, -1.721788e+00, 4.732284e-10, 4.296794e+01, -1.570371e+00
5.572000e+08, 9.996111e-01, -1.733087e+00, 4.730813e-10, 4.247923e+01, -1.570402e+00
5.610000e+08, 9.996433e-01, -1.744382e+00, 4.729345e-10, 4.199534e+01, -1.570434e+00
5.648000e+08, 9.996762e-01, -1.755674e+00, 4.727877e-10, 4.151617e+01, -1.570467e+00
5.686000e+08, 9.997096e-01, -1.766962e+00, 4.726410e-10, 4.104161e+01, -1.570500e+00
5.724000e+08, 9.997436e-01, -1.778247e+00, 4.724943e-10, 4.057158e+01, -1.570534e+00
5.762000e+08, 9.997779e-01, -1.789529e+00, 4.723473e-10, 4.010598e+01, -1.570569e+00
5.800000e+08, 9.998125e-01, -1.800806e+00, 4.722001e-10, 3.964471e+01, -1.570604e+00
5.838000e+08, 9.998474e-01, -1.812081e+00, 4.720525e-10, 3.918769e+01, -1.570639e+00
5.876000e+08, 9.998824e-01, -1.823352e+00, 4.719045e-10, 3.873484e+01, -1.570675e+00
5.914000e+08, 9.999176e-01, -1.834619e+00, 4.717559e-10, 3.828606e+01, -1.570711e+00
5.952000e+08, 9.999528e-01, -1.845882e+00, 4.716067e-10, 3.784127e+01, -1.570747e+00
5.990000e+08, 9.999879e-01, -1.857143e+00, 4.714569e-10, 3.740040e+01, -1.570784e+00
6.028000e+08, 1.000023e+00, -1.868399e+00, 4.713063e-10, 3.696337e+01, -1.570820e+00
6.066000e+08, 1.000058e+00, -1.879652e+00, 4.711550e-10, 3.653009e+01, -1.570857e+00
6.104000e+08, 1.000092e+00, -1.890901e+00, 4.710027e-10, 3.610050e+01, -1.570894e+00
6.142000e+08, 1.000127e+00, -1.902147e+00, 4.708496e-10, 3.567453e+01, -1.570930e+00
6.180000e+08, 1.000161e+00, -1.913389e+00, 4.706956e-10, 3.525209e+01, -1.570967e+00
6.218000e+08, 1.000194e+00, -1.924628e+00, 4.705406e-10, 3.483313e+01, -1.571004e+00
6.256000e+08, 1.000228e+00, -1.935862e+00, 4.703845e-10, 3.441757e+01, -1.571040e+00
6.294000e+08, 1.000260e+00, -1.947093e+00, 4.702274e-10, 3.400534e+01, -1.571076e+00
6.332000e+08, 1.000293e+00, -1.958320e+00, 4.700692e-10, 3.359639e+01, -1.571112e+00
6.370000e+08, 1.000324e+00, -1.969544e+00, 4.699100e-10, 3.319065e+01, -1.571148e+00
6.408000e+08, 1.000355e+00, -1.980763e+00, 4.697496e-10, 3.278806e+01, -1.571184e+00
6.446000e+08, 1.000386e+00, -1.991979e+00, 4.695881e-10, 3.238855e+01, -1.571219e+00
6.484000e+08, 1.000415e+00, -2.003191e+00, 4.694254e-10, 3.199208e+01, -1.571254e+00
6.522000e+08, 1.000444e+00, -2.014399e+00, 4.692616e-10, 3.159857e+01, -1.571288e+00
6.560000e+08, 1.000473e+00, -2.025603e+00, 4.690967e-10, 3.120797e+01, -1.571322e+00
6.598000e+08, 1.000500e+00, -2.036804e+00, 4.689306e-10, 3.082024e+01, -1.571356e+00
6.636000e+08, 1.000527e+00, -2.048000e+00, 4.687633e-10, 3.043531e+01, -1.571389e+00
6.674000e+08, 1.000553e+00, -2.059192e+00, 4.685949e-10, 3.005312e+01, -1.571422e+00
6.712000e+08, 1.000578e+00, -2.070380e+00, 4.684254e-10, 2.967364e+01, -1.571454e+00
6.750000e+08, 1.000602e+00, -2.081564e+00, 4.682548e-10, 2.929680e+01, -1.571486e+00
6.788000e+08, 1.000625e+00, -2.092745e+00, 4.680831e-10, 2.892256e+01, -1.571517e+00
6.826000e+08, 1.000647e+00, -2.103921e+00, 4.679103e-10, 2.855087e+01, -1.571548e+00
6.864000e+08, 1.000669e+00, -2.115092e+00, 4.677364e-10, 2.818168e+01, -1.571578e+00
6.902000e+08, 1.000689e+00, -2.126260e+00, 4.675616e-10, 2.781494e+01, -1.571607e+00
6.940000e+08, 1.000709e+00, -2.137424e+00, 4.673857e-10, 2.745061e+01, -1.571636e+00
6.978000e+08, 1.000727e+00, -2.148583e+00, 4.672089e-10, 2.708865e+01, -1.571664e+00
7.016000e+08, 1.000745e+00, -2.159738e+00, 4.670311e-10, 2.672900e+01, -1.571692e+00
7.054000e+08, 1.000762e+00, -2.170889e+00, 4.668525e-10, 2.637162e+01, -1.571719e+00
7.092000e+08, 1.000777e+00, -2.182036e+00, 4.666730e-10, 2.601647e+01, -1.571745e+00
7.130000e+08, 1.000792e+00, -2.193178e+00, 4.664926e-10, 2.566352e+01, -1.571771e+00
7.168000e+08, 1.000806e+00, -2.204316e+00, 4.663115e-10, 2.531271e+01, -1.571796e+00
7.206000e+08, 1.000819e+00, -2.215450e+00, 4.661297e-10, 2.496401e+01, -1.571820e+00
7.244000e+08, 1.000830e+00, -2.226579e+00, 4.659472e-10, 2.461738e+01, -1.571844e+00
7.282000e+08, 1.000841e+00, -2.237704e+00, 4.657640e-10, 2.427277e+01, -1.571867e+00
7.320000e+08, 1.000851e+00, -2.248825e+00, 4.655803e-10, 2.393016e+01, -1.571889e+00
7.358000e+08, 1.000860e+00, -2.259941e+00, 4.653960e-10, 2.358950e+01, -1.571910e+00
7.396000e+08, 1.000868e+00, -2.271053e+00, 4.652112e-10, 2.325075e+01, -1.571931e+00
7.434000e+08, 1.000875e+00, -2.282160e+00, 4.650260e-10, 2.291389e+01, -1.571951e+00
7.472000e+08, 1.000881e+00, -2.293263e+00, 4.648404e-10, 2.257887e+01, -1.571971e+00
7.510000e+08, 1.000886e+00, -2.304362e+00, 4.646545e-10, 2.224565e+01, -1.571989e+00
7.548000e+08, 1.000891e+00, -2.315456e+00, 4.644683e-10, 2.191421e+01, -1.572007e+00
7.586000e+08, 1.000894e+00, -2.326546e+00, 4.642819e-10, 2.158451e+01, -1.572024e+00
7.624000e+08, 1.000897e+00, -2.337631e+00, 4.640953e-10, 2.125652e+01, -1.572041e+00
7.662000e+08, 1.000898e+00, -2.348712e+00, 4.639087e-10, 2.093020e+01, -1.572057e+00
7.700000e+08, 1.000899e+00, -2.359788e+00, 4.637220e-10, 2.060552e+01, -1.572072e+00
7.738000e+08, 1.000899e+00, -2.370860e+00, 4.635354e-10, 2.028244e+01, -1.572086e+00
7.776000e+08, 1.000898e+00, -2.381927e+00, 4.633488e-10, 1.996095e+01, -1.572100e+00
7.814000e+08, 1.000896e+00, -2.392990e+00, 4.631624e-10, 1.964100e+01, -1.572113e+00
7.852000e+08, 1.000894e+00, -2.404049e+00, 4.629762e-10, 1.932256e+01, -1.572125e+00
7.890000e+08, 1.000891e+00, -2.415103e+00, 4.627902e-10, 1.900561e+01, -1.572137e+00
7.928000e+08, 1.000887e+00, -2.426152e+00, 4.626046e-10, 1.869012e+01, -1.572147e+00
7.966000e+08, 1.000882e+00, -2.437198e+00, 4.624194e-10, 1.837605e+01, -1.572158e+00
8.004000e+08, 1.000876e+00, -2.448238e+00, 4.622346e-10, 1.806338e+01, -1.572167e+00
8.042000e+08, 1.000870e+00, -2.459275e+00, 4.620504e-10, 1.775208e+01, -1.572176e+00
8.080000e+08, 1.000863e+00, -2.470307e+00, 4.618667e-10, 1.744212e+01, -1.572184e+00
8.118000e+08, 1.000856e+00, -2.481334e+00, 4.616837e-10, 1.713347e+01, -1.572191e+00
8.156000e+08, 1.000848e+00, -2.492358e+00, 4.615013e-10, 1.682611e+01, -1.572198e+00
8.194000e+08, 1.000839e+00, -2.503376e+00, 4.613198e-10, 1.652001e+01, -1.572204e+00
8.232000e+08, 1.000830e+00, -2.514391e+00, 4.611390e-10, 1.621514e+01, -1.572210e+00
8.270000e+08, 1.000820e+00, -2.525401e+00, 4.609592e-10, 1.591147e+01, -1.572215e+00
8.308000e+08, 1.000810e+00, -2.536407e+00, 4.607803e-10, 1.560899e+01, -1.572219e+00
8.346000e+08, 1.000799e+00, -2.547409e+00, 4.606024e-10, 1.530765e+01, -1.572223e+00
8.384000e+08, 1.000787e+00, -2.558406e+00, 4.604255e-10, 1.500745e+01, -1.572226e+00
8.422000e+08, 1.000775e+00, -2.569399e+00, 4.602498e-10, 1.470835e+01, -1.572228e+00
8.460000e+08, 1.000763e+00, -2.580388e+00, 4.600753e-10, 1.441034e+01, -1.572230e+00
8.498000e+08, 1.000750e+00, -2.591373e+00, 4.599020e-10, 1.411337e+01, -1.572231e+00
8.536000e+08, 1.000737e+00, -2.602354e+00, 4.597300e-10, 1.381744e+01, -1.572231e+00
8.574000e+08, 1.000724e+00, -2.613330e+00, 4.595593e-10, 1.352251e+01, -1.572231e+00
8.612000e+08, 1.000710e+00, -2.624303e+00, 4.593901e-10, 1.322857e+01, -1.572231e+00
8.650000e+08, 1.000695e+00, -2.635271e+00, 4.592224e-10, 1.293558e+01, -1.572230e+00
8.688000e+08, 1.000681e+00, -2.646236e+00, 4.590561e-10, 1.264354e+01, -1.572228e+00
8.726000e+08, 1.000666e+00, -2.657196e+00, 4.588914e-10, 1.235241e+01, -1.572226e+00
8.764000e+08, 1.000651e+00, -2.668153e+00, 4.587284e-10, 1.206216e+01, -1.572223e+00
8.802000e+08, 1.000635e+00, -2.679105e+00, 4.585671e-10, 1.177279e+01, -1.572220e+00
8.840000e+08, 1.000620e+00, -2.690054e+00, 4.584074e-10, 1.148427e+01, -1.572216e+00
8.878000e+08, 1.000604e+00, -2.700999e+00, 4.582496e-10, 1.119656e+01, -1.572211e+00
8.916000e+08, 1.000588e+00, -2.711940e+00, 4.580936e-10, 1.090967e+01, -1.572207e+00
8.954000e+08, 1.000571e+00, -2.722878e+00, 4.579394e-10, 1.062355e+01, -1.572201e+00
8.992000e+08, 1.000555e+00, -2.733812e+00, 4.577872e-10, 1.033819e+01, -1.572195e+00
9.030000e+08, 1.000538e+00, -2.744742e+00, 4.576370e-10, 1.005357e+01, -1.572189e+00
9.068000e+08, 1.000522e+00, -2.755668e+00, 4.574888e-10, 9.769675e+00, -1.572182e+00
9.106000e+08, 1.000505e+00, -2.766591e+00, 4.573427e-10, 9.486472e+00, -1.572175e+00
9.144000e+08, 1.000488e+00, -2.777511e+00, 4.571987e-10, 9.203945e+00, -1.572167e+00
9.182000e+08, 1.000471e+00, -2.788427e+00, 4.570568e-10, 8.922075e+00, -1.572159e+00
9.220000e+08, 1.000454e+00, -2.799340e+00, 4.569171e-10, 8.640840e+00, -1.572150e+00
9.258000e+08, 1.000437e+00, -2.810249e+00, 4.567797e-10, 8.360222e+00, -1.572141e+00
9.296000e+08, 1.000421e+00, -2.821155e+00, 4.566446e-10, 8.080198e+00, -1.572131e+00
9.334000e+08, 1.000404e+00, -2.832058e+00, 4.565117e-10, 7.800750e+00, -1.572121e+00
9.372000e+08, 1.000387e+00, -2.842958e+00, 4.563813e-10, 7.521859e+00, -1.572110e+00
9.410000e+08, 1.000370e+00, -2.853855e+00, 4.562532e-10, 7.243504e+00, -1.572099e+00
9.448000e+08, 1.000353e+00, -2.864748e+00, 4.561275e-10, 6.965665e+00, -1.572088e+00
9.486000e+08, 1.000336e+00, -2.875639e+00, 4.560043e-10, 6.688325e+00, -1.572075e+00
9.524000e+08, 1.000320e+00, -2.886526e+00, 4.558837e-10, 6.411463e+00, -1.572063e+00
9.562000e+08, 1.000303e+00, -2.897411e+00, 4.557655e-10, 6.135060e+00, -1.572050e+00
9.600000e+08, 1.000287e+00, -2.908293e+00, 4.556499e-10, 5.859098e+00, -1.572036e+00
9.638000e+08, 1.000270e+00, -2.919172e+00, 4.555370e-10, 5.583557e+00, -1.572022e+00
9.676000e+08, 1.000254e+00, -2.930048e+00, 4.554266e-10, 5.308419e+00, -1.572007e+00
9.714000e+08, 1.000238e+00, -2.940922e+00, 4.553189e-10, 5.033665e+00, -1.571991e+00
9.752000e+08, 1.000222e+00, -2.951794e+00, 4.552139e-10, 4.759277e+00, -1.571974e+00
9.790000e+08, 1.000207e+00, -2.962662e+00, 4.551116e-10, 4.485236e+00, -1.571957e+00
9.828000e+08, 1.000191e+00, -2.973529e+00, 4.550120e-10, 4.211523e+00, -1.571939e+00
9.866000e+08, 1.000176e+00, -2.984392e+00, 4.549151e-10, 3.938120e+00, -1.571920e+00
9.904000e+08, 1.000161e+00, -2.995254e+00, 4.548210e-10, 3.665010e+00, -1.571899e+00
9.942000e+08, 1.000146e+00, -3.006113e+00, 4.547297e-10, 3.392173e+00, -1.571877e+00
9.980000e+08, 1.000131e+00, -3.016971e+00, 4.546412e-10, 3.119592e+00, -1.571852e+00
1.001800e+09, 1.000117e+00, -3.027826e+00, 4.545555e-10, 2.847248e+00, -1.571826e+00
1.005600e+09, 1.000103e+00, -3.038679e+00, 4.544725e-10, 2.575124e+00, -1.571796e+00
1.009400e+09, 1.000089e+00, -3.049530e+00, 4.543923e-10, 2.303202e+00, -1.571762e+00
1.013200e+09, 1.000075e+00, -3.060379e+00, 4.543147e-10, 2.031463e+00, -1.571722e+00
1.017000e+09, 1.000062e+00, -3.071226e+00, 4.542395e-10, 1.759891e+00, -1.571673e+00
1.020800e+09, 1.000048e+00, -3.082072e+00, 4.541662e-10, 1.488467e+00, -1.571610e+00
1.024600e+09, 1.000035e+00, -3.092915e+00, 4.540938e-10, 1.217175e+00, -1.571524e+00
1.028400e+09, 1.000023e+00, -3.103757e+00, 4.540187e-10, 9.459975e-01, -1.571394e+00
1.032200e+09, 1.000010e+00, -3.114597e+00, 4.539259e-10, 6.749206e-01, -1.571160e+00
1.036000e+09, 9.999965e-01, -3.125435e+00, 4.536454e-10, 4.039388e-01, -1.570583e+00
1.039800e+09, 9.999781e-01, -3.136267e+00, 4.546697e-10, 1.331493e-01, -1.566685e+00
1.043600e+09, 9.999868e-01, 3.136063e+00, 4.535530e-10, 1.382464e-01, 1.568418e+00
1.047400e+09, 9.999693e-01, 3.125234e+00, 4.537106e-10, 4.089825e-01, 1.568919e+00
1.051200e+09, 9.999573e-01, 3.114401e+00, 4.536943e-10, 6.798364e-01, 1.569225e+00
1.055000e+09, 9.999463e-01, 3.103568e+00, 4.536610e-10, 9.507205e-01, 1.569384e+00
1.058800e+09, 9.999359e-01, 3.092737e+00, 4.536253e-10, 1.221641e+00, 1.569484e+00
1.062600e+09, 9.999260e-01, 3.081906e+00, 4.535906e-10, 1.492611e+00, 1.569555e+00
1.066400e+09, 9.999164e-01, 3.071076e+00, 4.535581e-10, 1.763648e+00, 1.569610e+00
1.070200e+09, 9.999072e-01, 3.060247e+00, 4.535281e-10, 2.034770e+00, 1.569654e+00
1.074000e+09, 9.998983e-01, 3.049418e+00, 4.535009e-10, 2.305992e+00, 1.569691e+00
1.077800e+09, 9.998898e-01, 3.038590e+00, 4.534767e-10, 2.577335e+00, 1.569724e+00
1.081600e+09, 9.998816e-01, 3.027763e+00, 4.534555e-10, 2.848814e+00, 1.569754e+00
1.085400e+09, 9.998737e-01, 3.016936e+00, 4.534374e-10, 3.120448e+00, 1.569780e+00
1.089200e+09, 9.998662e-01, 3.006110e+00, 4.534224e-10, 3.392254e+00, 1.569805e+00
1.093000e+09, 9.998589e-01, 2.995284e+00, 4.534105e-10, 3.664252e+00, 1.569829e+00
1.096800e+09, 9.998521e-01, 2.984459e+00, 4.534016e-10, 3.936458e+00, 1.569851e+00
1.100600e+09, 9.998455e-01, 2.973633e+00, 4.533960e-10, 4.208891e+00, 1.569872e+00
1.104400e+09, 9.998392e-01, 2.962808e+00, 4.533935e-10, 4.481569e+00, 1.569892e+00
1.108200e+09, 9.998333e-01, 2.951982e+00, 4.533941e-10, 4.754510e+00, 1.569912e+00
1.112000e+09, 9.998277e-01, 2.941157e+00, 4.533978e-10, 5.027732e+00, 1.569931e+00
1.115800e+09, 9.998224e-01, 2.930332e+00, 4.534047e-10, 5.301254e+00, 1.569949e+00
1.119600e+09, 9.998174e-01, 2.919506e+00, 4.534148e-10, 5.575095e+00, 1.569967e+00
1.123400e+09, 9.998127e-01, 2.908680e+00, 4.534280e-10, 5.849273e+00, 1.569985e+00
1.127200e+09, 9.998083e-01, 2.897854e+00, 4.534444e-10, 6.123806e+00, 1.570002e+00
1.131000e+09, 9.998042e-01, 2.887028e+00, 4.534639e-10, 6.398713e+00, 1.570019e+00
1.134800e+09, 9.998004e-01, 2.876201e+00, 4.534866e-10, 6.674013e+00, 1.570035e+00
1.138600e+09, 9.997970e-01, 2.865373e+00, 4.535124e-10, 6.949725e+00, 1.570052e+00
1.142400e+09, 9.997938e-01, 2.854545e+00, 4.535413e-10, 7.225868e+00, 1.570068e+00
1.146200e+09, 9.997908e-01, 2.843717e+00, 4.535734e-10, 7.502461e+00, 1.570084e+00
1.150000e+09, 9.997882e-01, 2.832887e+00, 4.536086e-10, 7.779524e+00, 1.570099e+00
1.153800e+09, 9.997858e-01, 2.822057e+00, 4.536469e-10, 8.057075e+00, 1.570114e+00
1.157600e+09, 9.997837e-01, 2.811225e+00, 4.536884e-10, 8.335135e+00, 1.570130e+00
1.161400e+09, 9.997819e-01, 2.800393e+00, 4.537330e-10, 8.613722e+00, 1.570145e+00
1.165200e+09, 9.997804e-01, 2.789560e+00, 4.537806e-10, 8.892858e+00, 1.570159e+00
1.169000e+09, 9.997791e-01, 2.778725e+00, 4.538314e-10, 9.172561e+00, 1.570174e+00
1.172800e+09, 9.997780e-01, 2.767889e+00, 4.538853e-10, 9.452852e+00, 1.570188e+00
1.176600e+09, 9.997772e-01, 2.757052e+00, 4.539422e-10, 9.733752e+00, 1.570202e+00
1.180400e+09, 9.997767e-01, 2.746214e+00, 4.540022e-10, 1.001528e+01, 1.570216e+00
1.184200e+09, 9.997763e-01, 2.735374e+00, 4.540653e-10, 1.029746e+01, 1.570230e+00
1.188000e+09, 9.997762e-01, 2.724533e+00, 4.541315e-10, 1.058030e+01, 1.570244e+00
1.191800e+09, 9.997764e-01, 2.713690e+00, 4.542007e-10, 1.086384e+01, 1.570257e+00
1.195600e+09, 9.997767e-01, 2.702845e+00, 4.542729e-10, 1.114809e+01, 1.570271e+00
1.199400e+09, 9.997773e-01, 2.691999e+00, 4.543481e-10, 1.143308e+01, 1.570284e+00
1.203200e+09, 9.997781e-01, 2.681151e+00, 4.544264e-10, 1.171881e+01, 1.570297e+00
1.207000e+09, 9.997791e-01, 2.670301e+00, 4.545077e-10, 1.200533e+01, 1.570310e+00
1.210800e+09, 9.997803e-01, 2.659449e+00, 4.545919e-10, 1.229264e+01, 1.570322e+00
1.214600e+09, 9.997816e-01, 2.648595e+00, 4.546792e-10, 1.258078e+01, 1.570335e+00
1.218400e+09, 9.997832e-01, 2.637739e+00, 4.547694e-10, 1.286976e+01, 1.570347e+00
1.222200e+09, 9.997849e-01, 2.626881e+00, 4.548626e-10, 1.315960e+01, 1.570359e+00
1.226000e+09, 9.997868e-01, 2.616021e+00, 4.549587e-10, 1.345034e+01, 1.570371e+00
1.229800e+09, 9.997889e-01, 2.605158e+00, 4.550578e-10, 1.374199e+01, 1.570383e+00
1.233600e+09, 9.997912e-01, 2.594293e+00, 4.551597e-10, 1.403457e+01, 1.570395e+00
1.237400e+09, 9.997936e-01, 2.583426e+00, 4.552646e-10, 1.432811e+01, 1.570407e+00
1.241200e+09, 9.997961e-01, 2.572556e+00, 4.553724e-10, 1.462264e+01, 1.570418e+00
1.245000e+09, 9.997988e-01, 2.561683e+00, 4.554830e-10, 1.491817e+01, 1.570429e+00
1.248800e+09, 9.998017e-01, 2.550808e+00, 4.555965e-10, 1.521474e+01, 1.570440e+00
1.252600e+09, 9.998046e-01, 2.539930e+00, 4.557129e-10, 1.551236e+01, 1.570451e+00
1.256400e+09, 9.998077e-01, 2.529050e+00, 4.558320e-10, 1.581106e+01, 1.570462e+00
1.260200e+09, 9.998110e-01, 2.518166e+00, 4.559540e-10, 1.611088e+01, 1.570472e+00
1.264000e+09, 9.998143e-01, 2.507280e+00, 4.560788e-10, 1.641183e+01, 1.570483e+00
1.267800e+09, 9.998177e-01, 2.496390e+00, 4.562064e-10, 1.671393e+01, 1.570493e+00
1.271600e+09, 9.998213e-01, 2.485498e+00, 4.563368e-10, 1.701723e+01, 1.570503e+00
1.275400e+09, 9.998250e-01, 2.474602e+00, 4.564699e-10, 1.732174e+01, 1.570513e+00
1.279200e+09, 9.998287e-01, 2.463704e+00, 4.566058e-10, 1.762749e+01, 1.570523e+00
1.283000e+09, 9.998325e-01, 2.452802e+00, 4.567443e-10, 1.793450e+01, 1.570533e+00
1.286800e+09, 9.998365e-01, 2.441896e+00, 4.568856e-10, 1.824282e+01, 1.570542e+00
1.290600e+09, 9.998405e-01, 2.430988e+00, 4.570296e-10, 1.855246e+01, 1.570552e+00
1.294400e+09, 9.998445e-01, 2.420076e+00, 4.571762e-10, 1.886345e+01, 1.570561e+00
1.298200e+09, 9.998487e-01, 2.409160e+00, 4.573255e-10, 1.917583e+01, 1.570570e+00
1.302000e+09, 9.998529e-01, 2.398241e+00, 4.574775e-10, 1.948962e+01, 1.570579e+00
1.305800e+09, 9.998572e-01, 2.387318e+00, 4.576320e-10, 1.980485e+01, 1.570588e+00
1.309600e+09, 9.998615e-01, 2.376392e+00, 4.577892e-10, 2.012156e+01, 1.570596e+00
1.313400e+09, 9.998658e-01, 2.365462e+00, 4.579489e-10, 2.043977e+01, 1.570605e+00
1.317200e+09, 9.998703e-01, 2.354528e+00, 4.581112e-10, 2.075952e+01, 1.570613e+00
1.321000e+09, 9.998747e-01, 2.343590e+00, 4.582760e-10, 2.108084e+01, 1.570621e+00
1.324800e+09, 9.998792e-01, 2.332648e+00, 4.584434e-10, 2.140376e+01, 1.570629e+00
1.328600e+09, 9.998837e-01, 2.321702e+00, 4.586133e-10, 2.172831e+01, 1.570637e+00
1.332400e+09, 9.998883e-01, 2.310752e+00, 4.587856e-10, 2.205454e+01, 1.570645e+00
1.336200e+09, 9.998928e-01, 2.299798e+00, 4.589605e-10, 2.238246e+01, 1.570653e+00
1.340000e+09, 9.998974e-01, 2.288840e+00, 4.591377e-10, 2.271213e+01, 1.570660e+00
1.343800e+09, 9.999020e-01, 2.277877e+00, 4.593175e-10, 2.304356e+01, 1.570667e+00
1.347600e+09, 9.999066e-01, 2.266911e+00, 4.594996e-10, 2.337681e+01, 1.570675e+00
1.351400e+09, 9.999112e-01, 2.255940e+00, 4.596841e-10, 2.371191e+01, 1.570682e+00
1.355200e+09, 9.999159e-01, 2.244964e+00, 4.598710e-10, 2.404888e+01, 1.570689e+00
1.359000e+09, 9.999205e-01, 2.233984e+00, 4.600602e-10, 2.438778e+01, 1.570695e+00
1.362800e+09, 9.999251e-01, 2.223000e+00, 4.602518e-10, 2.472864e+01, 1.570702e+00
1.366600e+09, 9.999297e-01, 2.212011e+00, 4.604456e-10, 2.507150e+01, 1.570709e+00
1.370400e+09, 9.999343e-01, 2.201017e+00, 4.606418e-10, 2.541640e+01, 1.570715e+00
1.374200e+09, 9.999389e-01, 2.190019e+00, 4.608402e-10, 2.576338e+01, 1.570721e+00
1.378000e+09, 9.999435e-01, 2.179016e+00, 4.610409e-10, 2.611248e+01, 1.570727e+00
1.381800e+09, 9.999481e-01, 2.168008e+00, 4.612437e-10, 2.646375e+01, 1.570734e+00
1.385600e+09, 9.999526e-01, 2.156995e+00, 4.614488e-10, 2.681723e+01, 1.570739e+00
1.389400e+09, 9.999571e-01, 2.145978e+00, 4.616561e-10, 2.717296e+01, 1.570745e+00
1.393200e+09, 9.999616e-01, 2.134955e+00, 4.618655e-10, 2.753098e+01, 1.570751e+00
1.397000e+09, 9.999661e-01, 2.123927e+00, 4.620771e-10, 2.789135e+01, 1.570756e+00
1.400800e+09, 9.999705e-01, 2.112895e+00, 4.622907e-10, 2.825411e+01, 1.570762e+00
1.404600e+09, 9.999749e-01, 2.101857e+00, 4.625065e-10, 2.861931e+01, 1.570767e+00
1.408400e+09, 9.999793e-01, 2.090814e+00, 4.627243e-10, 2.898700e+01, 1.570772e+00
1.412200e+09, 9.999836e-01, 2.079766e+00, 4.629442e-10, 2.935722e+01, 1.570778e+00
1.416000e+09, 9.999879e-01, 2.068713e+00, 4.631661e-10, 2.973003e+01, 1.570783e+00
1.419800e+09, 9.999921e-01, 2.057654e+00, 4.633900e-10, 3.010547e+01, 1.570787e+00
1.423600e+09, 9.999963e-01, 2.046590e+00, 4.636158e-10, 3.048361e+01, 1.570792e+00
1.427400e+09, 1.000001e+00, 2.035521e+00, 4.638436e-10, 3.086450e+01, 1.570797e+00
1.431200e+09, 1.000005e+00, 2.024446e+00, 4.640733e-10, 3.124818e+01, 1.570801e+00
1.435000e+09, 1.000009e+00, 2.013366e+00, 4.643050e-10, 3.163473e+01, 1.570806e+00
1.438800e+09, 1.000013e+00, 2.002280e+00, 4.645385e-10, 3.202418e+01, 1.570810e+00
1.442600e+09, 1.000017e+00, 1.991189e+00, 4.647738e-10, 3.241661e+01, 1.570815e+00
1.446400e+09, 1.000021e+00, 1.980092e+00, 4.650110e-10, 3.281207e+01, 1.570819e+00
1.450200e+09, 1.000024e+00, 1.968989e+00, 4.652500e-10, 3.321063e+01, 1.570823e+00
1.454000e+09, 1.000028e+00, 1.957881e+00, 4.654907e-10, 3.361234e+01, 1.570827e+00
1.457800e+09, 1.000032e+00, 1.946767e+00, 4.657333e-10, 3.401728e+01, 1.570831e+00
1.461600e+09, 1.000036e+00, 1.935647e+00, 4.659775e-10, 3.442550e+01, 1.570835e+00
1.465400e+09, 1.000039e+00, 1.924521e+00, 4.662234e-10, 3.483708e+01, 1.570838e+00
1.469200e+09, 1.000043e+00, 1.913390e+00, 4.664710e-10, 3.525208e+01, 1.570842e+00
1.473000e+09, 1.000047e+00, 1.902252e+00, 4.667203e-10, 3.567057e+01, 1.570846e+00
1.476800e+09, 1.000050e+00, 1.891109e+00, 4.669711e-10, 3.609263e+01, 1.570849e+00
1.480600e+09, 1.000054e+00, 1.879959e+00, 4.672236e-10, 3.651832e+01, 1.570853e+00
1.484400e+09, 1.000057e+00, 1.868804e+00, 4.674776e-10, 3.694773e+01, 1.570856e+00
1.488200e+09, 1.000060e+00, 1.857642e+00, 4.677331e-10, 3.738093e+01, 1.570859e+00
1.492000e+09, 1.000063e+00, 1.846474e+00, 4.679902e-10, 3.781800e+01, 1.570862e+00
1.495800e+09, 1.000067e+00, 1.835301e+00, 4.682487e-10, 3.825902e+01, 1.570865e+00
1.499600e+09, 1.000070e+00, 1.824121e+00, 4.685087e-10, 3.870408e+01, 1.570868e+00
1.503400e+09, 1.000073e+00, 1.812935e+00, 4.687701e-10, 3.915325e+01, 1.570871e+00
1.507200e+09, 1.000076e+00, 1.801742e+00, 4.690329e-10, 3.960663e+01, 1.570874e+00
1.511000e+09, 1.000079e+00, 1.790543e+00, 4.692971e-10, 4.006430e+01, 1.570877e+00
1.514800e+09, 1.000082e+00, 1.779338e+00, 4.695626e-10, 4.052636e+01, 1.570880e+00
1.518600e+09, 1.000085e+00, 1.768127e+00, 4.698294e-10, 4.099290e+01, 1.570883e+00
1.522400e+09, 1.000087e+00, 1.756909e+00, 4.700975e-10, 4.146402e+01, 1.570885e+00
1.526200e+09, 1.000090e+00, 1.745685e+00, 4.703669e-10, 4.193981e+01, 1.570888e+00
1.530000e+09, 1.000093e+00, 1.734455e+00, 4.706374e-10, 4.242038e+01, 1.570890e+00
1.533800e+09, 1.000095e+00, 1.723218e+00, 4.709092e-10, 4.290584e+01, 1.570893e+00
1.537600e+09, 1.000098e+00, 1.711974e+00, 4.711821e-10, 4.339628e+01, 1.570895e+00
1.541400e+09, 1.000100e+00, 1.700724e+00, 4.714561e-10, 4.389182e+01, 1.570898e+00
1.545200e+09, 1.000103e+00, 1.689468e+00, 4.717312e-10, 4.439256e+01, 1.570900e+00
1.549000e+09, 1.000105e+00, 1.678205e+00, 4.720073e-10, 4.489864e+01, 1.570902e+00
1.552800e+09, 1.000108e+00, 1.666935e+00, 4.722845e-10, 4.541016e+01, 1.570904e+00
1.556600e+09, 1.000110e+00, 1.655659e+00, 4.725627e-10, 4.592725e+01, 1.570907e+00
1.560400e+09, 1.000112e+00, 1.644376e+00, 4.728419e-10, 4.645003e+01, 1.570909e+00
1.564200e+09, 1.000114e+00, 1.633086e+00, 4.731220e-10, 4.697863e+01, 1.570911e+00
1.568000e+09, 1.000116e+00, 1.621790e+00, 4.734030e-10, 4.751319e+01, 1.570913e+00
1.571800e+09, 1.000118e+00, 1.610487e+00, 4.736848e-10, 4.805384e+01, 1.570915e+00
1.575600e+09, 1.000120e+00, 1.599177e+00, 4.739675e-10, 4.860073e+01, 1.570917e+00
1.579400e+09, 1.000122e+00, 1.587861e+00, 4.742510e-10, 4.915399e+01, 1.570918e+00
1.583200e+09, 1.000124e+00, 1.576537e+00, 4.745352e-10, 4.971377e+01, 1.570920e+00
1.587000e+09, 1.000126e+00, 1.565207e+00, 4.748202e-10, 5.028024e+01, 1.570922e+00
1.590800e+09, 1.000127e+00, 1.553870e+00, 4.751058e-10, 5.085354e+01, 1.570924e+00
1.594600e+09, 1.000129e+00, 1.542527e+00, 4.753922e-10, 5.143384e+01, 1.570925e+00
1.598400e+09, 1.000131e+00, 1.531176e+00, 4.756791e-10, 5.202131e+01, 1.570927e+00
1.602200e+09, 1.000132e+00, 1.519819e+00, 4.759667e-10, 5.261612e+01, 1.570929e+00
1.606000e+09, 1.000134e+00, 1.508455e+00, 4.762547e-10, 5.321845e+01, 1.570930e+00
1.609800e+09, 1.000135e+00, 1.497083e+00, 4.765434e-10, 5.382848e+01, 1.570932e+00
1.613600e+09, 1.000136e+00, 1.485705e+00, 4.768324e-10, 5.444640e+01, 1.570933e+00
1.617400e+09, 1.000138e+00, 1.474321e+00, 4.771220e-10, 5.507240e+01, 1.570935e+00
1.621200e+09, 1.000139e+00, 1.462929e+00, 4.774119e-10, 5.570670e+01, 1.570936e+00
1.625000e+09, 1.000140e+00, 1.451530e+00, 4.777022e-10, 5.634948e+01, 1.570937e+00
1.628800e+09, 1.000141e+00, 1.440124e+00, 4.779929e-10, 5.700098e+01, 1.570939e+00
1.632600e+09, 1.000142e+00, 1.428712e+00, 4.782839e-10, 5.766140e+01, 1.570940e+00
1.636400e+09, 1.000143e+00, 1.417292e+00, 4.785751e-10, 5.833099e+01, 1.570941e+00
1.640200e+09, 1.000144e+00, 1.405866e+00, 4.788665e-10, 5.900997e+01, 1.570943e+00
1.644000e+09, 1.000145e+00, 1.394432e+00, 4.791581e-10, 5.969860e+01, 1.570944e+00
1.647800e+09, 1.000146e+00, 1.382992e+00, 4.794499e-10, 6.039712e+01, 1.570945e+00
1.651600e+09, 1.000147e+00, 1.371544e+00, 4.797418e-10, 6.110579e+01, 1.570946e+00
1.655400e+09, 1.000147e+00, 1.360090e+00, 4.800337e-10, 6.182488e+01, 1.570947e+00
1.659200e+09, 1.000148e+00, 1.348629e+00, 4.803257e-10, 6.255469e+01, 1.570948e+00
1.663000e+09, 1.000149e+00, 1.337160e+00, 4.806177e-10, 6.329548e+01, 1.570949e+00
1.666800e+09, 1.000149e+00, 1.325685e+00, 4.809096e-10, 6.404757e+01, 1.570950e+00
1.670600e+09, 1.000150e+00, 1.314203e+00, 4.812015e-10, 6.481126e+01, 1.570951e+00
1.674400e+09, 1.000150e+00, 1.302714e+00, 4.814932e-10, 6.558688e+01, 1.570952e+00
1.678200e+09, 1.000150e+00, 1.291217e+00, 4.817848e-10, 6.637476e+01, 1.570953e+00
1.682000e+09, 1.000150e+00, 1.279714e+00, 4.820761e-10, 6.717524e+01, 1.570953e+00
1.685800e+09, 1.000151e+00, 1.268204e+00, 4.823672e-10, 6.798869e+01, 1.570954e+00
1.689600e+09, 1.000151e+00, 1.256687e+00, 4.826581e-10, 6.881547e+01, 1.570955e+00
1.693400e+09, 1.000151e+00, 1.245163e+00, 4.829486e-10, 6.965597e+01, 1.570956e+00
1.697200e+09, 1.000151e+00, 1.233632e+00, 4.832388e-10, 7.051059e+01, 1.570956e+00
1.701000e+09, 1.000151e+00, 1.222094e+00, 4.835285e-10, 7.137975e+01, 1.570957e+00
1.704800e+09, 1.000151e+00, 1.210550e+00, 4.838179e-10, 7.226388e+01, 1.570957e+00
1.708600e+09, 1.000150e+00, 1.198998e+00, 4.841067e-10, 7.316343e+01, 1.570958e+00
1.712400e+09, 1.000150e+00, 1.187439e+00, 4.843950e-10, 7.407886e+01, 1.570958e+00
1.716200e+09, 1.000150e+00, 1.175874e+00, 4.846828e-10, 7.501067e+01, 1.570959e+00
1.720000e+09, 1.000149e+00, 1.164302e+00, 4.849700e-10, 7.595935e+01, 1.570959e+00
1.723800e+09, 1.000149e+00, 1.152722e+00, 4.852565e-10, 7.692544e+01, 1.570959e+00
1.727600e+09, 1.000148e+00, 1.141136e+00, 4.855423e-10, 7.790948e+01, 1.570959e+00
1.731400e+09, 1.000148e+00, 1.129543e+00, 4.858274e-10, 7.891204e+01, 1.570960e+00
1.735200e+09, 1.000147e+00, 1.117944e+00, 4.861118e-10, 7.993372e+01, 1.570960e+00
1.739000e+09, 1.000146e+00, 1.106337e+00, 4.863954e-10, 8.097514e+01, 1.570960e+00
1.742800e+09, 1.000145e+00, 1.094724e+00, 4.866781e-10, 8.203694e+01, 1.570960e+00
1.746600e+09, 1.000144e+00, 1.083104e+00, 4.869599e-10, 8.311981e+01, 1.570960e+00
1.750400e+09, 1.000144e+00, 1.071477e+00, 4.872409e-10, 8.422444e+01, 1.570960e+00
1.754200e+09, 1.000142e+00, 1.059844e+00, 4.875208e-10, 8.535158e+01, 1.570960e+00
1.758000e+09, 1.000141e+00, 1.048204e+00, 4.877998e-10, 8.650199e+01, 1.570959e+00
1.761800e+09, 1.000140e+00, 1.036557e+00, 4.880777e-10, 8.767648e+01, 1.570959e+00
1.765600e+09, 1.000139e+00, 1.024904e+00, 4.883545e-10, 8.887590e+01, 1.570959e+00
1.769400e+09, 1.000137e+00, 1.013244e+00, 4.886302e-10, 9.010113e+01, 1.570958e+00
1.773200e+09, 1.000136e+00, 1.001577e+00, 4.889048e-10, 9.135309e+01, 1.570958e+00
1.777000e+09, 1.000135e+00, 9.899040e-01, 4.891782e-10, 9.263274e+01, 1.570957e+00
1.780800e+09, 1.000133e+00, 9.782244e-01, 4.894503e-10, 9.394112e+01, 1.570957e+00
1.784600e+09, 1.000131e+00, 9.665382e-01, 4.897211e-10, 9.527928e+01, 1.570956e+00
1.788400e+09, 1.000130e+00, 9.548456e-01, 4.899907e-10, 9.664833e+01, 1.570955e+00
1.792200e+09, 1.000128e+00, 9.431465e-01, 4.902588e-10, 9.804947e+01, 1.570954e+00
1.796000e+09, 1.000126e+00, 9.314410e-01, 4.905256e-10, 9.948391e+01, 1.570953e+00
1.799800e+09, 1.000124e+00, 9.197292e-01, 4.907910e-10, 1.009530e+02, 1.570952e+00
1.803600e+09, 1.000122e+00, 9.080110e-01, 4.910548e-10, 1.024580e+02, 1.570951e+00
1.807400e+09, 1.000120e+00, 8.962865e-01, 4.913172e-10, 1.040005e+02, 1.570950e+00
1.811200e+09, 1.000118e+00, 8.845558e-01, 4.915781e-10, 1.055818e+02, 1.570948e+00
1.815000e+09, 1.000115e+00, 8.728188e-01, 4.918373e-10, 1.072038e+02, 1.570947e+00
1.818800e+09, 1.000113e+00, 8.610757e-01, 4.920950e-10, 1.088679e+02, 1.570945e+00
1.822600e+09, 1.000110e+00, 8.493264e-01, 4.923509e-10, 1.105761e+02, 1.570943e+00
1.826400e+09, 1.000108e+00, 8.375709e-01, 4.926052e-10, 1.123301e+02, 1.570942e+00
1.830200e+09, 1.000105e+00, 8.258094e-01, 4.928578e-10, 1.141321e+02, 1.570940e+00
1.834000e+09, 1.000103e+00, 8.140419e-01, 4.931086e-10, 1.159840e+02, 1.570938e+00
1.837800e+09, 1.000100e+00, 8.022684e-01, 4.933576e-10, 1.178882e+02, 1.570936e+00
1.841600e+09, 1.000097e+00, 7.904890e-01, 4.936048e-10, 1.198469e+02, 1.570933e+00
1.845400e+09, 1.000094e+00, 7.787036e-01, 4.938501e-10, 1.218628e+02, 1.570931e+00
1.849200e+09, 1.000092e+00, 7.669124e-01, 4.940935e-10, 1.239385e+02, 1.570928e+00
1.853000e+09, 1.000089e+00, 7.551154e-01, 4.943350e-10, 1.260768e+02, 1.570926e+00
1.856800e+09, 1.000086e+00, 7.433126e-01, 4.945745e-10, 1.282808e+02, 1.570923e+00
1.860600e+09, 1.000082e+00, 7.315040e-01, 4.948119e-10, 1.305537e+02, 1.570920e+00
1.864400e+09, 1.000079e+00, 7.196899e-01, 4.950474e-10, 1.328989e+02, 1.570917e+00
1.868200e+09, 1.000076e+00, 7.078701e-01, 4.952808e-10, 1.353201e+02, 1.570913e+00
1.872000e+09, 1.000073e+00, 6.960447e-01, 4.955121e-10, 1.378212e+02, 1.570910e+00
1.875800e+09, 1.000069e+00, 6.842138e-01, 4.957413e-10, 1.404064e+02, 1.570906e+00
1.879600e+09, 1.000066e+00, 6.723774e-01, 4.959683e-10, 1.430802e+02, 1.570902e+00
1.883400e+09, 1.000062e+00, 6.605356e-01, 4.961931e-10, 1.458474e+02, 1.570898e+00
1.887200e+09, 1.000059e+00, 6.486885e-01, 4.964157e-10, 1.487132e+02, 1.570894e+00
1.891000e+09, 1.000055e+00, 6.368360e-01, 4.966360e-10, 1.516831e+02, 1.570889e+00
1.894800e+09, 1.000052e+00, 6.249783e-01, 4.968541e-10, 1.547632e+02, 1.570885e+00
1.898600e+09, 1.000048e+00, 6.131153e-01, 4.970698e-10, 1.579599e+02, 1.570880e+00
1.902400e+09, 1.000044e+00, 6.012472e-01, 4.972833e-10, 1.612801e+02, 1.570875e+00
1.906200e+09, 1.000040e+00, 5.893740e-01, 4.974943e-10, 1.647314e+02, 1.570869e+00
1.910000e+09, 1.000037e+00, 5.774958e-01, 4.977030e-10, 1.683220e+02, 1.570864e+00
1.913800e+09, 1.000033e+00, 5.656126e-01, 4.979092e-10, 1.720607e+02, 1.570858e+00
1.917600e+09, 1.000029e+00, 5.537245e-01, 4.981131e-10, 1.759571e+02, 1.570851e+00
1.921400e+09, 1.000025e+00, 5.418315e-01, 4.983144e-10, 1.800217e+02, 1.570845e+00
1.925200e+09, 1.000021e+00, 5.299337e-01, 4.985133e-10, 1.842659e+02, 1.570838e+00
1.929000e+09, 1.000017e+00, 5.180311e-01, 4.987096e-10, 1.887022e+02, 1.570831e+00
1.932800e+09, 1.000013e+00, 5.061239e-01, 4.989034e-10, 1.933443e+02, 1.570823e+00
1.936600e+09, 1.000009e+00, 4.942120e-01, 4.990947e-10, 1.982070e+02, 1.570815e+00
1.940400e+09, 1.000005e+00, 4.822956e-01, 4.992834e-10, 2.033069e+02, 1.570807e+00
1.944200e+09, 1.000001e+00, 4.703746e-01, 4.994694e-10, 2.086622e+02, 1.570798e+00
1.948000e+09, 9.999967e-01, 4.584492e-01, 4.996529e-10, 2.142928e+02, 1.570789e+00
1.951800e+09, 9.999926e-01, 4.465195e-01, 4.998337e-10, 2.202210e+02, 1.570779e+00
1.955600e+09, 9.999885e-01, 4.345854e-01, 5.000119e-10, 2.264714e+02, 1.570769e+00
1.959400e+09, 9.999844e-01, 4.226471e-01, 5.001874e-10, 2.330714e+02, 1.570758e+00
1.963200e+09, 9.999803e-01, 4.107045e-01, 5.003602e-10, 2.400518e+02, 1.570747e+00
1.967000e+09, 9.999762e-01, 3.987579e-01, 5.005303e-10, 2.474469e+02, 1.570735e+00
1.970800e+09, 9.999721e-01, 3.868072e-01, 5.006978e-10, 2.552953e+02, 1.570722e+00
1.974600e+09, 9.999680e-01, 3.748525e-01, 5.008625e-10, 2.636405e+02, 1.570709e+00
1.978400e+09, 9.999639e-01, 3.628938e-01, 5.010245e-10, 2.725319e+02, 1.570695e+00
1.982200e+09, 9.999598e-01, 3.509313e-01, 5.011837e-10, 2.820256e+02, 1.570679e+00
1.986000e+09, 9.999557e-01, 3.389650e-01, 5.013402e-10, 2.921856e+02, 1.570663e+00
1.989800e+09, 9.999517e-01, 3.269949e-01, 5.014940e-10, 3.030853e+02, 1.570646e+00
1.993600e+09, 9.999477e-01, 3.150212e-01, 5.016451e-10, 3.148094e+02, 1.570628e+00
1.997400e+09, 9.999437e-01, 3.030439e-01, 5.017934e-10, 3.274560e+02, 1.570608e+00
2.001200e+09, 9.999398e-01, 2.910630e-01, 5.019391e-10, 3.411393e+02, 1.570586e+00
2.005000e+09, 9.999359e-01, 2.790787e-01, 5.020821e-10, 3.559932e+02, 1.570563e+00
2.008800e+09, 9.999320e-01, 2.670909e-01, 5.022224e-10, 3.721760e+02, 1.570539e+00
2.012600e+09, 9.999282e-01, 2.550998e-01, 5.023602e-10, 3.898753e+02, 1.570512e+00
2.016400e+09, 9.999244e-01, 2.431054e-01, 5.024954e-10, 4.093164e+02, 1.570482e+00
2.020200e+09, 9.999207e-01, 2.311077e-01, 5.026282e-10, 4.307710e+02, 1.570450e+00
2.024000e+09, 9.999170e-01, 2.191069e-01, 5.027586e-10, 4.545708e+02, 1.570414e+00
2.027800e+09, 9.999134e-01, 2.071030e-01, 5.028869e-10, 4.811243e+02, 1.570375e+00
2.031600e+09, 9.999098e-01, 1.950960e-01, 5.030131e-10, 5.109412e+02, 1.570331e+00
2.035400e+09, 9.999063e-01, 1.830860e-01, 5.031377e-10, 5.446646e+02, 1.570282e+00
2.039200e+09, 9.999028e-01, 1.710731e-01, 5.032611e-10, 5.831191e+02, 1.570226e+00
2.043000e+09, 9.998995e-01, 1.590572e-01, 5.033836e-10, 6.273786e+02, 1.570162e+00
2.046800e+09, 9.998961e-01, 1.470383e-01, 5.035063e-10, 6.788689e+02, 1.570087e+00
2.050600e+09, 9.998929e-01, 1.350166e-01, 5.036302e-10, 7.395242e+02, 1.570000e+00
2.054400e+09, 9.998897e-01, 1.229918e-01, 5.037574e-10, 8.120366e+02, 1.569897e+00
2.058200e+09, 9.998865e-01, 1.109641e-01, 5.038907e-10, 9.002673e+02, 1.569771e+00
2.062000e+09, 9.998833e-01, 9.893312e-02, 5.040355e-10, 1.009959e+03, 1.569615e+00
2.065800e+09, 9.998802e-01, 8.689872e-02, 5.042009e-10, 1.150040e+03, 1.569416e+00
2.069600e+09, 9.998770e-01, 7.486036e-02, 5.044053e-10, 1.335195e+03, 1.569152e+00
2.073400e+09, 9.998737e-01, 6.281713e-02, 5.046885e-10, 1.591396e+03, 1.568785e+00
2.077200e+09, 9.998702e-01, 5.076713e-02, 5.051528e-10, 1.969349e+03, 1.568238e+00
2.081000e+09, 9.998659e-01, 3.870605e-02, 5.061319e-10, 2.583237e+03, 1.567331e+00
2.084800e+09, 9.998599e-01, 2.662160e-02, 5.093563e-10, 3.756075e+03, 1.565533e+00
2.088600e+09, 9.998468e-01, 1.446015e-02, 5.783380e-10, 6.915048e+03, 1.560198e+00
2.092400e+09, 9.989990e-01, 6.516941e-04, 4.016124e-10, 8.369095e+04, 5.768768e-01
2.096200e+09, 9.998931e-01, -8.937245e-03, 5.146752e-10, 1.118826e+04, -1.558831e+00
2.100000e+09, 9.998773e-01, -2.122568e-02, 5.073504e-10, 4.711018e+03, -1.565015e+00
2.103800e+09, 9.998714e-01, -3.333923e-02, 5.059441e-10, 2.999169e+03, -1.566937e+00
2.107600e+09, 9.998678e-01, -4.541921e-02, 5.054599e-10, 2.201324e+03, -1.567884e+00
2.111400e+09, 9.998653e-01, -5.748762e-02, 5.052547e-10, 1.739021e+03, -1.568451e+00
2.115200e+09, 9.998633e-01, -6.955114e-02, 5.051617e-10, 1.437209e+03, -1.568829e+00
2.119000e+09, 9.998617e-01, -8.161243e-02, 5.051213e-10, 1.224622e+03, -1.569100e+00
2.122800e+09, 9.998604e-01, -9.367276e-02, 5.051082e-10, 1.066764e+03, -1.569304e+00
2.126600e+09, 9.998594e-01, -1.057328e-01, 5.051099e-10, 9.448984e+02, -1.569464e+00
2.130400e+09, 9.998586e-01, -1.177928e-01, 5.051197e-10, 8.479657e+02, -1.569593e+00
2.134200e+09, 9.998579e-01, -1.298531e-01, 5.051337e-10, 7.690180e+02, -1.569699e+00
2.138000e+09, 9.998575e-01, -1.419137e-01, 5.051497e-10, 7.034700e+02, -1.569789e+00
2.141800e+09, 9.998572e-01, -1.539748e-01, 5.051662e-10, 6.481732e+02, -1.569865e+00
2.145600e+09, 9.998571e-01, -1.660362e-01, 5.051822e-10, 6.008940e+02, -1.569932e+00
2.149400e+09, 9.998572e-01, -1.780979e-01, 5.051970e-10, 5.600037e+02, -1.569990e+00
2.153200e+09, 9.998575e-01, -1.901601e-01, 5.052101e-10, 5.242870e+02, -1.570042e+00
2.157000e+09, 9.998579e-01, -2.022225e-01, 5.052213e-10, 4.928183e+02, -1.570089e+00
2.160800e+09, 9.998585e-01, -2.142852e-01, 5.052302e-10, 4.648805e+02, -1.570131e+00
2.164600e+09, 9.998592e-01, -2.263482e-01, 5.052367e-10, 4.399093e+02, -1.570169e+00
2.168400e+09, 9.998601e-01, -2.384112e-01, 5.052406e-10, 4.174546e+02, -1.570204e+00
2.172200e+09, 9.998612e-01, -2.504744e-01, 5.052419e-10, 3.971528e+02, -1.570236e+00
2.176000e+09, 9.998624e-01, -2.625376e-01, 5.052404e-10, 3.787074e+02, -1.570266e+00
2.179800e+09, 9.998638e-01, -2.746008e-01, 5.052361e-10, 3.618737e+02, -1.570294e+00
2.183600e+09, 9.998653e-01, -2.866639e-01, 5.052290e-10, 3.464484e+02, -1.570320e+00
2.187400e+09, 9.998670e-01, -2.987268e-01, 5.052189e-10, 3.322609e+02, -1.570344e+00
2.191200e+09, 9.998689e-01, -3.107894e-01, 5.052060e-10, 3.191671e+02, -1.570367e+00
2.195000e+09, 9.998709e-01, -3.228518e-01, 5.051900e-10, 3.070445e+02, -1.570389e+00
2.198800e+09, 9.998730e-01, -3.349138e-01, 5.051711e-10, 2.957881e+02, -1.570410e+00
2.202600e+09, 9.998753e-01, -3.469753e-01, 5.051493e-10, 2.853077e+02, -1.570430e+00
2.206400e+09, 9.998778e-01, -3.590363e-01, 5.051244e-10, 2.755250e+02, -1.570449e+00
2.210200e+09, 9.998804e-01, -3.710967e-01, 5.050965e-10, 2.663720e+02, -1.570467e+00
2.214000e+09, 9.998832e-01, -3.831564e-01, 5.050656e-10, 2.577892e+02, -1.570484e+00
2.217800e+09, 9.998860e-01, -3.952154e-01, 5.050316e-10, 2.497245e+02, -1.570500e+00
2.221600e+09, 9.998891e-01, -4.072736e-01, 5.049947e-10, 2.421318e+02, -1.570516e+00
2.225400e+09, 9.998922e-01, -4.193309e-01, 5.049547e-10, 2.349704e+02, -1.570532e+00
2.229200e+09, 9.998955e-01, -4.313872e-01, 5.049116e-10, 2.282042e+02, -1.570547e+00
2.233000e+09, 9.998990e-01, -4.434426e-01, 5.048656e-10, 2.218008e+02, -1.570561e+00
2.236800e+09, 9.999025e-01, -4.554968e-01, 5.048165e-10, 2.157315e+02, -1.570575e+00
2.240600e+09, 9.999062e-01, -4.675498e-01, 5.047645e-10, 2.099704e+02, -1.570588e+00
2.244400e+09, 9.999100e-01, -4.796017e-01, 5.047094e-10, 2.044943e+02, -1.570601e+00
2.248200e+09, 9.999140e-01, -4.916522e-01, 5.046512e-10, 1.992821e+02, -1.570614e+00
2.252000e+09, 9.999180e-01, -5.037013e-01, 5.045901e-10, 1.943150e+02, -1.570626e+00
2.255800e+09, 9.999222e-01, -5.157489e-01, 5.045260e-10, 1.895757e+02, -1.570639e+00
2.259600e+09, 9.999264e-01, -5.277950e-01, 5.044588e-10, 1.850486e+02, -1.570650e+00
2.263400e+09, 9.999308e-01, -5.398395e-01, 5.043887e-10, 1.807196e+02, -1.570662e+00
2.267200e+09, 9.999353e-01, -5.518824e-01, 5.043156e-10, 1.765755e+02, -1.570673e+00
2.271000e+09, 9.999398e-01, -5.639235e-01, 5.042395e-10, 1.726046e+02, -1.570684e+00
2.274800e+09, 9.999445e-01, -5.759627e-01, 5.041604e-10, 1.687959e+02, -1.570694e+00
2.278600e+09, 9.999492e-01, -5.880001e-01, 5.040784e-10, 1.651395e+02, -1.570705e+00
2.282400e+09, 9.999540e-01, -6.000355e-01, 5.039934e-10, 1.616262e+02, -1.570715e+00
2.286200e+09, 9.999589e-01, -6.120689e-01, 5.039054e-10, 1.582476e+02, -1.570725e+00
2.290000e+09, 9.999638e-01, -6.241002e-01, 5.038145e-10, 1.549958e+02, -1.570734e+00
2.293800e+09, 9.999689e-01, -6.361294e-01, 5.037207e-10, 1.518635e+02, -1.570744e+00
2.297600e+09, 9.999739e-01, -6.481563e-01, 5.036240e-10, 1.488443e+02, -1.570753e+00
2.301400e+09, 9.999791e-01, -6.601808e-01, 5.035243e-10, 1.459318e+02, -1.570762e+00
2.305200e+09, 9.999843e-01, -6.722030e-01, 5.034217e-10, 1.431202e+02, -1.570771e+00
2.309000e+09, 9.999895e-01, -6.842228e-01, 5.033163e-10, 1.404044e+02, -1.570780e+00
2.312800e+09, 9.999947e-01, -6.962400e-01, 5.032079e-10, 1.377792e+02, -1.570788e+00
2.316600e+09, 1.000000e+00, -7.082547e-01, 5.030967e-10, 1.352401e+02, -1.570796e+00
2.320400e+09, 1.000005e+00, -7.202666e-01, 5.029826e-10, 1.327827e+02, -1.570804e+00
2.324200e+09, 1.000011e+00, -7.322759e-01, 5.028656e-10, 1.304030e+02, -1.570812e+00
2.328000e+09, 1.000016e+00, -7.442824e-01, 5.027459e-10, 1.280972e+02, -1.570820e+00
2.331800e+09, 1.000021e+00, -7.562860e-01, 5.026233e-10, 1.258618e+02, -1.570828e+00
2.335600e+09, 1.000027e+00, -7.682867e-01, 5.024978e-10, 1.236935e+02, -1.570835e+00
2.339400e+09, 1.000032e+00, -7.802844e-01, 5.023696e-10, 1.215891e+02, -1.570842e+00
2.343200e+09, 1.000037e+00, -7.922790e-01, 5.022386e-10, 1.195457e+02, -1.570849e+00
2.347000e+09, 1.000043e+00, -8.042705e-01, 5.021048e-10, 1.175606e+02, -1.570856e+00
2.350800e+09, 1.000048e+00, -8.162588e-01, 5.019682e-10, 1.156313e+02, -1.570862e+00
2.354600e+09, 1.000053e+00, -8.282439e-01, 5.018289e-10, 1.137551e+02, -1.570869e+00
2.358400e+09, 1.000059e+00, -8.402256e-01, 5.016868e-10, 1.119300e+02, -1.570875e+00
2.362200e+09, 1.000064e+00, -8.522039e-01, 5.015421e-10, 1.101536e+02, -1.570881e+00
2.366000e+09, 1.000069e+00, -8.641788e-01, 5.013946e-10, 1.084240e+02, -1.570887e+00
2.369800e+09, 1.000074e+00, -8.761501e-01, 5.012444e-10, 1.067393e+02, -1.570893e+00
2.373600e+09, 1.000079e+00, -8.881179e-01, 5.010915e-10, 1.050975e+02, -1.570898e+00
2.377400e+09, 1.000084e+00, -9.000820e-01, 5.009360e-10, 1.034970e+02, -1.570904e+00
2.381200e+09, 1.000089e+00, -9.120424e-01, 5.007778e-10, 1.019362e+02, -1.570909e+00
2.385000e+09, 1.000094e+00, -9.239990e-01, 5.006170e-10, 1.004134e+02, -1.570914e+00
2.388800e+09, 1.000099e+00, -9.359518e-01, 5.004536e-10, 9.892721e+01, -1.570919e+00
2.392600e+09, 1.000103e+00, -9.479007e-01, 5.002876e-10, 9.747623e+01, -1.570923e+00
2.396400e+09, 1.000108e+00, -9.598456e-01, 5.001190e-10, 9.605913e+01, -1.570928e+00
2.400200e+09, 1.000112e+00, -9.717865e-01, 4.999479e-10, 9.467464e+01, -1.570932e+00
2.404000e+09, 1.000116e+00, -9.837233e-01, 4.997742e-10, 9.332157e+01, -1.570936e+00
2.407800e+09, 1.000121e+00, -9.956560e-01, 4.995980e-10, 9.199876e+01, -1.570940e+00
2.411600e+09, 1.000125e+00, -1.007584e+00, 4.994193e-10, 9.070513e+01, -1.570944e+00
2.415400e+09, 1.000129e+00, -1.019509e+00, 4.992380e-10, 8.943965e+01, -1.570947e+00
2.419200e+09, 1.000133e+00, -1.031428e+00, 4.990544e-10, 8.820131e+01, -1.570951e+00
2.423000e+09, 1.000136e+00, -1.043344e+00, 4.988682e-10, 8.698919e+01, -1.570954e+00
2.426800e+09, 1.000140e+00, -1.055255e+00, 4.986797e-10, 8.580238e+01, -1.570957e+00
2.430600e+09, 1.000143e+00, -1.067162e+00, 4.984887e-10, 8.464001e+01, -1.570960e+00
2.434400e+09, 1.000147e+00, -1.079063e+00, 4.982954e-10, 8.350127e+01, -1.570963e+00
2.438200e+09, 1.000150e+00, -1.090961e+00, 4.980997e-10, 8.238537e+01, -1.570965e+00
2.442000e+09, 1.000153e+00, -1.102854e+00, 4.979017e-10, 8.129156e+01, -1.570967e+00
2.445800e+09, 1.000155e+00, -1.114741e+00, 4.977013e-10, 8.021912e+01, -1.570969e+00
2.449600e+09, 1.000158e+00, -1.126625e+00, 4.974986e-10, 7.916736e+01, -1.570971e+00
2.453400e+09, 1.000160e+00, -1.138503e+00, 4.972937e-10, 7.813562e+01, -1.570973e+00
2.457200e+09, 1.000163e+00, -1.150376e+00, 4.970865e-10, 7.712327e+01, -1.570975e+00
2.461000e+09, 1.000165e+00, -1.162245e+00, 4.968771e-10, 7.612970e+01, -1.570976e+00
2.464800e+09, 1.000167e+00, -1.174108e+00, 4.966655e-10, 7.515434e+01, -1.570977e+00
2.468600e+09, 1.000168e+00, -1.185967e+00, 4.964518e-10, 7.419662e+01, -1.570978e+00
2.472400e+09, 1.000170e+00, -1.197820e+00, 4.962359e-10, 7.325600e+01, -1.570979e+00
2.476200e+09, 1.000171e+00, -1.209668e+00, 4.960178e-10, 7.233198e+01, -1.570979e+00
2.480000e+09, 1.000172e+00, -1.221511e+00, 4.957977e-10, 7.142406e+01, -1.570980e+00
2.483800e+09, 1.000173e+00, -1.233349e+00, 4.955755e-10, 7.053176e+01, -1.570980e+00
2.487600e+09, 1.000174e+00, -1.245181e+00, 4.953512e-10, 6.965463e+01, -1.570980e+00
2.491400e+09, 1.000175e+00, -1.257008e+00, 4.951249e-10, 6.879223e+01, -1.570980e+00
2.495200e+09, 1.000175e+00, -1.268830e+00, 4.948967e-10, 6.794413e+01, -1.570979e+00
2.499000e+09, 1.000175e+00, -1.280646e+00, 4.946665e-10, 6.710993e+01, -1.570979e+00
2.502800e+09, 1.000175e+00, -1.292457e+00, 4.944343e-10, 6.628923e+01, -1.570978e+00
2.506600e+09, 1.000174e+00, -1.304262e+00, 4.942003e-10, 6.548166e+01, -1.570977e+00
2.510400e+09, 1.000174e+00, -1.316062e+00, 4.939644e-10, 6.468686e+01, -1.570976e+00
2.514200e+09, 1.000173e+00, -1.327856e+00, 4.937266e-10, 6.390446e+01, -1.570975e+00
2.518000e+09, 1.000172e+00, -1.339644e+00, 4.934870e-10, 6.313414e+01, -1.570973e+00
2.521800e+09, 1.000171e+00, -1.351427e+00, 4.932457e-10, 6.237557e+01, -1.570971e+00
2.525600e+09, 1.000170e+00, -1.363203e+00, 4.930026e-10, 6.162843e+01, -1.570970e+00
2.529400e+09, 1.000168e+00, -1.374974e+00, 4.927578e-10, 6.089242e+01, -1.570968e+00
2.533200e+09, 1.000166e+00, -1.386739e+00, 4.925113e-10, 6.016724e+01, -1.570965e+00
2.537000e+09, 1.000164e+00, -1.398499e+00, 4.922631e-10, 5.945261e+01, -1.570963e+00
2.540800e+09, 1.000162e+00, -1.410252e+00, 4.920134e-10, 5.874825e+01, -1.570960e+00
2.544600e+09, 1.000159e+00, -1.421999e+00, 4.917620e-10, 5.805391e+01, -1.570957e+00
2.548400e+09, 1.000156e+00, -1.433741e+00, 4.915091e-10, 5.736932e+01, -1.570954e+00
2.552200e+09, 1.000154e+00, -1.445476e+00, 4.912547e-10, 5.669424e+01, -1.570951e+00
2.556000e+09, 1.000150e+00, -1.457205e+00, 4.909988e-10, 5.602842e+01, -1.570948e+00
2.559800e+09, 1.000147e+00, -1.468928e+00, 4.907414e-10, 5.537164e+01, -1.570944e+00
2.563600e+09, 1.000143e+00, -1.480645e+00, 4.904827e-10, 5.472366e+01, -1.570940e+00
2.567400e+09, 1.000140e+00, -1.492356e+00, 4.902225e-10, 5.408428e+01, -1.570936e+00
2.571200e+09, 1.000136e+00, -1.504061e+00, 4.899610e-10, 5.345328e+01, -1.570932e+00
2.575000e+09, 1.000132e+00, -1.515759e+00, 4.896982e-10, 5.283046e+01, -1.570928e+00
2.578800e+09, 1.000127e+00, -1.527451e+00, 4.894342e-10, 5.221561e+01, -1.570924e+00
2.582600e+09, 1.000123e+00, -1.539137e+00, 4.891689e-10, 5.160856e+01, -1.570919e+00
2.586400e+09, 1.000118e+00, -1.550817e+00, 4.889024e-10, 5.100910e+01, -1.570914e+00
2.590200e+09, 1.000113e+00, -1.562490e+00, 4.886347e-10, 5.041707e+01, -1.570909e+00
2.594000e+09, 1.000108e+00, -1.574156e+00, 4.883659e-10, 4.983228e+01, -1.570904e+00
2.597800e+09, 1.000102e+00, -1.585817e+00, 4.880961e-10, 4.925457e+01, -1.570899e+00
2.601600e+09, 1.000097e+00, -1.597470e+00, 4.878252e-10, 4.868377e+01, -1.570893e+00
2.605400e+09, 1.000091e+00, -1.609118e+00, 4.875533e-10, 4.811972e+01, -1.570888e+00
2.609200e+09, 1.000085e+00, -1.620759e+00, 4.872804e-10, 4.756227e+01, -1.570882e+00
2.613000e+09, 1.000079e+00, -1.632393e+00, 4.870066e-10, 4.701127e+01, -1.570876e+00
2.616800e+09, 1.000073e+00, -1.644021e+00, 4.867319e-10, 4.646656e+01, -1.570870e+00
2.620600e+09, 1.000067e+00, -1.655642e+00, 4.864564e-10, 4.592801e+01, -1.570863e+00
2.624400e+09, 1.000060e+00, -1.667257e+00, 4.861800e-10, 4.539548e+01, -1.570857e+00
2.628200e+09, 1.000054e+00, -1.678865e+00, 4.859029e-10, 4.486884e+01, -1.570850e+00
2.632000e+09, 1.000047e+00, -1.690466e+00, 4.856251e-10, 4.434794e+01, -1.570844e+00
2.635800e+09, 1.000040e+00, -1.702061e+00, 4.853466e-10, 4.383268e+01, -1.570837e+00
2.639600e+09, 1.000033e+00, -1.713649e+00, 4.850674e-10, 4.332291e+01, -1.570830e+00
2.643400e+09, 1.000026e+00, -1.725231e+00, 4.847876e-10, 4.281853e+01, -1.570823e+00
2.647200e+09, 1.000019e+00, -1.736806e+00, 4.845073e-10, 4.231941e+01, -1.570815e+00
2.651000e+09, 1.000011e+00, -1.748374e+00, 4.842264e-10, 4.182544e+01, -1.570808e+00
2.654800e+09, 1.000004e+00, -1.759935e+00, 4.839451e-10, 4.133651e+01, -1.570800e+00
2.658600e+09, 9.999962e-01, -1.771490e+00, 4.836633e-10, 4.085251e+01, -1.570792e+00
2.662400e+09, 9.999886e-01, -1.783038e+00, 4.833811e-10, 4.037334e+01, -1.570785e+00
2.666200e+09, 9.999808e-01, -1.794579e+00, 4.830986e-10, 3.989889e+01, -1.570777e+00
2.670000e+09, 9.999730e-01, -1.806114e+00, 4.828157e-10, 3.942906e+01, -1.570769e+00
2.673800e+09, 9.999652e-01, -1.817642e+00, 4.825326e-10, 3.896376e+01, -1.570760e+00
2.677600e+09, 9.999573e-01, -1.829163e+00, 4.822492e-10, 3.850289e+01, -1.570752e+00
2.681400e+09, 9.999493e-01, -1.840677e+00, 4.819657e-10, 3.804636e+01, -1.570744e+00
2.685200e+09, 9.999413e-01, -1.852184e+00, 4.816820e-10, 3.759408e+01, -1.570735e+00
2.689000e+09, 9.999332e-01, -1.863685e+00, 4.813982e-10, 3.714595e+01, -1.570727e+00
2.692800e+09, 9.999251e-01, -1.875179e+00, 4.811143e-10, 3.670190e+01, -1.570718e+00
2.696600e+09, 9.999170e-01, -1.886666e+00, 4.808304e-10, 3.626184e+01, -1.570709e+00
2.700400e+09, 9.999089e-01, -1.898146e+00, 4.805466e-10, 3.582568e+01, -1.570700e+00
2.704200e+09, 9.999008e-01, -1.909620e+00, 4.802628e-10, 3.539335e+01, -1.570691e+00
2.708000e+09, 9.998927e-01, -1.921087e+00, 4.799791e-10, 3.496477e+01, -1.570682e+00
2.711800e+09, 9.998845e-01, -1.932547e+00, 4.796956e-10, 3.453987e+01, -1.570673e+00
2.715600e+09, 9.998765e-01, -1.944000e+00, 4.794122e-10, 3.411856e+01, -1.570664e+00
2.719400e+09, 9.998684e-01, -1.955447e+00, 4.791291e-10, 3.370078e+01, -1.570654e+00
2.723200e+09, 9.998604e-01, -1.966886e+00, 4.788462e-10, 3.328645e+01, -1.570645e+00
2.727000e+09, 9.998524e-01, -1.978319e+00, 4.785637e-10, 3.287551e+01, -1.570636e+00
2.730800e+09, 9.998444e-01, -1.989745e+00, 4.782815e-10, 3.246789e+01, -1.570626e+00
2.734600e+09, 9.998366e-01, -2.001165e+00, 4.779998e-10, 3.206351e+01, -1.570616e+00
2.738400e+09, 9.998288e-01, -2.012578e+00, 4.777185e-10, 3.166233e+01, -1.570607e+00
2.742200e+09, 9.998210e-01, -2.023984e+00, 4.774376e-10, 3.126426e+01, -1.570597e+00
2.746000e+09, 9.998134e-01, -2.035383e+00, 4.771573e-10, 3.086926e+01, -1.570588e+00
2.749800e+09, 9.998058e-01, -2.046776e+00, 4.768775e-10, 3.047726e+01, -1.570578e+00
2.753600e+09, 9.997984e-01, -2.058162e+00, 4.765984e-10, 3.008819e+01, -1.570568e+00
2.757400e+09, 9.997910e-01, -2.069541e+00, 4.763199e-10, 2.970201e+01, -1.570558e+00
2.761200e+09, 9.997838e-01, -2.080914e+00, 4.760421e-10, 2.931865e+01, -1.570549e+00
2.765000e+09, 9.997767e-01, -2.092280e+00, 4.757650e-10, 2.893807e+01, -1.570539e+00
2.768800e+09, 9.997697e-01, -2.103639e+00, 4.754887e-10, 2.856019e+01, -1.570529e+00
2.772600e+09, 9.997629e-01, -2.114992e+00, 4.752132e-10, 2.818498e+01, -1.570519e+00
2.776400e+09, 9.997562e-01, -2.126338e+00, 4.749385e-10, 2.781238e+01, -1.570509e+00
2.780200e+09, 9.997497e-01, -2.137678e+00, 4.746648e-10, 2.744234e+01, -1.570500e+00
2.784000e+09, 9.997433e-01, -2.149011e+00, 4.743919e-10, 2.707480e+01, -1.570490e+00
2.787800e+09, 9.997371e-01, -2.160338e+00, 4.741201e-10, 2.670972e+01, -1.570480e+00
2.791600e+09, 9.997311e-01, -2.171658e+00, 4.738492e-10, 2.634705e+01, -1.570470e+00
2.795400e+09, 9.997253e-01, -2.182972e+00, 4.735794e-10, 2.598674e+01, -1.570461e+00
2.799200e+09, 9.997197e-01, -2.194279e+00, 4.733106e-10, 2.562875e+01, -1.570451e+00
2.803000e+09, 9.997142e-01, -2.205580e+00, 4.730430e-10, 2.527303e+01, -1.570441e+00
2.806800e+09, 9.997090e-01, -2.216874e+00, 4.727766e-10, 2.491953e+01, -1.570432e+00
2.810600e+09, 9.997040e-01, -2.228162e+00, 4.725113e-10, 2.456822e+01, -1.570422e+00
2.814400e+09, 9.996992e-01, -2.239444e+00, 4.722473e-10, 2.421905e+01, -1.570413e+00
2.818200e+09, 9.996946e-01, -2.250719e+00, 4.719845e-10, 2.387197e+01, -1.570403e+00
2.822000e+09, 9.996902e-01, -2.261988e+00, 4.717230e-10, 2.352694e+01, -1.570394e+00
2.825800e+09, 9.996861e-01, -2.273251e+00, 4.714629e-10, 2.318393e+01, -1.570385e+00
2.829600e+09, 9.996823e-01, -2.284508e+00, 4.712042e-10, 2.284290e+01, -1.570376e+00
2.833400e+09, 9.996786e-01, -2.295759e+00, 4.709469e-10, 2.250380e+01, -1.570367e+00
2.837200e+09, 9.996753e-01, -2.307003e+00, 4.706910e-10, 2.216659e+01, -1.570358e+00
2.841000e+09, 9.996722e-01, -2.318241e+00, 4.704366e-10, 2.183125e+01, -1.570349e+00
2.844800e+09, 9.996694e-01, -2.329473e+00, 4.701837e-10, 2.149773e+01, -1.570341e+00
2.848600e+09, 9.996668e-01, -2.340699e+00, 4.699324e-10, 2.116599e+01, -1.570332e+00
2.852400e+09, 9.996645e-01, -2.351920e+00, 4.696826e-10, 2.083600e+01, -1.570324e+00
2.856200e+09, 9.996625e-01, -2.363134e+00, 4.694345e-10, 2.050772e+01, -1.570316e+00
2.860000e+09, 9.996608e-01, -2.374342e+00, 4.691880e-10, 2.018112e+01, -1.570308e+00
2.863800e+09, 9.996594e-01, -2.385544e+00, 4.689432e-10, 1.985617e+01, -1.570300e+00
2.867600e+09, 9.996582e-01, -2.396741e+00, 4.687001e-10, 1.953283e+01, -1.570292e+00
2.871400e+09, 9.996574e-01, -2.407932e+00, 4.684587e-10, 1.921106e+01, -1.570285e+00
2.875200e+09, 9.996569e-01, -2.419117e+00, 4.682192e-10, 1.889085e+01, -1.570277e+00
2.879000e+09, 9.996566e-01, -2.430296e+00, 4.679814e-10, 1.857214e+01, -1.570270e+00
2.882800e+09, 9.996567e-01, -2.441470e+00, 4.677454e-10, 1.825491e+01, -1.570263e+00
2.886600e+09, 9.996571e-01, -2.452637e+00, 4.675114e-10, 1.793914e+01, -1.570257e+00
2.890400e+09, 9.996578e-01, -2.463800e+00, 4.672792e-10, 1.762479e+01, -1.570250e+00
2.894200e+09, 9.996588e-01, -2.474957e+00, 4.670489e-10, 1.731182e+01, -1.570244e+00
2.898000e+09, 9.996601e-01, -2.486108e+00, 4.668206e-10, 1.700022e+01, -1.570239e+00
2.901800e+09, 9.996618e-01, -2.497254e+00, 4.665942e-10, 1.668994e+01, -1.570233e+00
2.905600e+09, 9.996637e-01, -2.508394e+00, 4.663699e-10, 1.638097e+01, -1.570228e+00
2.909400e+09, 9.996660e-01, -2.519529e+00, 4.661475e-10, 1.607327e+01, -1.570223e+00
2.913200e+09, 9.996686e-01, -2.530659e+00, 4.659273e-10, 1.576682e+01, -1.570219e+00
2.917000e+09, 9.996716e-01, -2.541784e+00, 4.657091e-10, 1.546158e+01, -1.570214e+00
2.920800e+09, 9.996748e-01, -2.552903e+00, 4.654930e-10, 1.515754e+01, -1.570211e+00
2.924600e+09, 9.996784e-01, -2.564017e+00, 4.652790e-10, 1.485466e+01, -1.570207e+00
2.928400e+09, 9.996823e-01, -2.575126e+00, 4.650672e-10, 1.455291e+01, -1.570204e+00
2.932200e+09, 9.996865e-01, -2.586230e+00, 4.648576e-10, 1.425228e+01, -1.570202e+00
2.936000e+09, 9.996911e-01, -2.597329e+00, 4.646501e-10, 1.395273e+01, -1.570200e+00
2.939800e+09, 9.996960e-01, -2.608423e+00, 4.644449e-10, 1.365424e+01, -1.570198e+00
2.943600e+09, 9.997012e-01, -2.619512e+00, 4.642419e-10, 1.335678e+01, -1.570197e+00
2.947400e+09, 9.997067e-01, -2.630597e+00, 4.640412e-10, 1.306034e+01, -1.570196e+00
2.951200e+09, 9.997125e-01, -2.641676e+00, 4.638428e-10, 1.276487e+01, -1.570197e+00
2.955000e+09, 9.997187e-01, -2.652751e+00, 4.636466e-10, 1.247037e+01, -1.570197e+00
2.958800e+09, 9.997252e-01, -2.663821e+00, 4.634528e-10, 1.217681e+01, -1.570199e+00
2.962600e+09, 9.997319e-01, -2.674886e+00, 4.632613e-10, 1.188416e+01, -1.570200e+00
2.966400e+09, 9.997390e-01, -2.685947e+00, 4.630722e-10, 1.159239e+01, -1.570203e+00
2.970200e+09, 9.997464e-01, -2.697004e+00, 4.628855e-10, 1.130150e+01, -1.570207e+00
2.974000e+09, 9.997541e-01, -2.708056e+00, 4.627011e-10, 1.101144e+01, -1.570211e+00
2.977800e+09, 9.997621e-01, -2.719103e+00, 4.625192e-10, 1.072221e+01, -1.570216e+00
2.981600e+09, 9.997704e-01, -2.730146e+00, 4.623397e-10, 1.043377e+01, -1.570222e+00
2.985400e+09, 9.997790e-01, -2.741185e+00, 4.621626e-10, 1.014611e+01, -1.570229e+00
2.989200e+09, 9.997879e-01, -2.752220e+00, 4.619880e-10, 9.859204e+00, -1.570238e+00
2.993000e+09, 9.997971e-01, -2.763250e+00, 4.618159e-10, 9.573029e+00, -1.570247e+00
2.996800e+09, 9.998065e-01, -2.774277e+00, 4.616462e-10, 9.287563e+00, -1.570257e+00
3.000600e+09, 9.998162e-01, -2.785299e+00, 4.614791e-10, 9.002786e+00, -1.570269e+00
3.004400e+09, 9.998262e-01, -2.796317e+00, 4.613144e-10, 8.718676e+00, -1.570283e+00
3.008200e+09, 9.998364e-01, -2.807332e+00, 4.611523e-10, 8.435213e+00, -1.570298e+00
3.012000e+09, 9.998469e-01, -2.818342e+00, 4.609927e-10, 8.152376e+00, -1.570314e+00
3.015800e+09, 9.998576e-01, -2.829349e+00, 4.608357e-10, 7.870143e+00, -1.570333e+00
3.019600e+09, 9.998686e-01, -2.840352e+00, 4.606813e-10, 7.588495e+00, -1.570353e+00
3.023400e+09, 9.998798e-01, -2.851351e+00, 4.605294e-10, 7.307411e+00, -1.570376e+00
3.027200e+09, 9.998913e-01, -2.862347e+00, 4.603801e-10, 7.026871e+00, -1.570402e+00
3.031000e+09, 9.999029e-01, -2.873339e+00, 4.602334e-10, 6.746854e+00, -1.570430e+00
3.034800e+09, 9.999148e-01, -2.884327e+00, 4.600893e-10, 6.467342e+00, -1.570462e+00
3.038600e+09, 9.999269e-01, -2.895313e+00, 4.599478e-10, 6.188314e+00, -1.570497e+00
3.042400e+09, 9.999392e-01, -2.906294e+00, 4.598089e-10, 5.909751e+00, -1.570536e+00
3.046200e+09, 9.999517e-01, -2.917273e+00, 4.596727e-10, 5.631633e+00, -1.570579e+00
3.050000e+09, 9.999643e-01, -2.928248e+00, 4.595391e-10, 5.353942e+00, -1.570628e+00
3.053800e+09, 9.999772e-01, -2.939220e+00, 4.594082e-10, 5.076656e+00, -1.570683e+00
3.057600e+09, 9.999902e-01, -2.950189e+00, 4.592800e-10, 4.799759e+00, -1.570745e+00
3.061400e+09, 1.000003e+00, -2.961155e+00, 4.591545e-10, 4.523230e+00, -1.570815e+00
3.065200e+09, 1.000017e+00, -2.972117e+00, 4.590317e-10, 4.247051e+00, -1.570895e+00
3.069000e+09, 1.000030e+00, -2.983077e+00, 4.589117e-10, 3.971202e+00, -1.570987e+00
3.072800e+09, 1.000044e+00, -2.994034e+00, 4.587944e-10, 3.695666e+00, -1.571093e+00
3.076600e+09, 1.000057e+00, -3.004989e+00, 4.586800e-10, 3.420423e+00, -1.571217e+00
3.080400e+09, 1.000071e+00, -3.015940e+00, 4.585686e-10, 3.145455e+00, -1.571363e+00
3.084200e+09, 1.000085e+00, -3.026889e+00, 4.584602e-10, 2.870743e+00, -1.571538e+00
3.088000e+09, 1.000099e+00, -3.037835e+00, 4.583550e-10, 2.596269e+00, -1.571751e+00
3.091800e+09, 1.000113e+00, -3.048779e+00, 4.582535e-10, 2.322014e+00, -1.572015e+00
3.095600e+09, 1.000127e+00, -3.059720e+00, 4.581561e-10, 2.047959e+00, -1.572350e+00
3.099400e+09, 1.000141e+00, -3.070659e+00, 4.580639e-10, 1.774085e+00, -1.572789e+00
3.103200e+09, 1.000155e+00, -3.081596e+00, 4.579793e-10, 1.500373e+00, -1.573389e+00
3.107000e+09, 1.000170e+00, -3.092531e+00, 4.579079e-10, 1.226802e+00, -1.574257e+00
3.110800e+09, 1.000184e+00, -3.103464e+00, 4.578667e-10, 9.533490e-01, -1.575624e+00
3.114600e+09, 1.000198e+00, -3.114396e+00, 4.579296e-10, 6.799806e-01, -1.578093e+00
3.118400e+09, 1.000213e+00, -3.125329e+00, 4.589269e-10, 4.066251e-01, -1.583898e+00
3.122200e+09, 1.000231e+00, -3.136287e+00, 4.535486e-10, 1.327721e-01, -1.614224e+00
3.126000e+09, 1.000241e+00, 3.136070e+00, 4.586985e-10, 1.382091e-01, 1.614338e+00
3.129800e+09, 1.000254e+00, 3.125118e+00, 4.575949e-10, 4.119345e-01, 1.586235e+00
3.133600e+09, 1.000269e+00, 3.114192e+00, 4.573708e-10, 6.850914e-01, 1.580600e+00
3.137400e+09, 1.000283e+00, 3.103272e+00, 4.572480e-10, 9.581648e-01, 1.578176e+00
3.141200e+09, 1.000297e+00, 3.092354e+00, 4.571548e-10, 1.231225e+00, 1.576826e+00
3.145000e+09, 1.000311e+00, 3.081439e+00, 4.570745e-10, 1.504305e+00, 1.575964e+00
3.148800e+09, 1.000325e+00, 3.070526e+00, 4.570018e-10, 1.777426e+00, 1.575366e+00
3.152600e+09, 1.000338e+00, 3.059615e+00, 4.569342e-10, 2.050611e+00, 1.574927e+00
3.156400e+09, 1.000352e+00, 3.048705e+00, 4.568706e-10, 2.323878e+00, 1.574589e+00
3.160200e+09, 1.000365e+00, 3.037797e+00, 4.568106e-10, 2.597246e+00, 1.574321e+00
3.164000e+09, 1.000379e+00, 3.026890e+00, 4.567537e-10, 2.870733e+00, 1.574104e+00
3.167800e+09, 1.000392e+00, 3.015984e+00, 4.566998e-10, 3.144357e+00, 1.573923e+00
3.171600e+09, 1.000405e+00, 3.005080e+00, 4.566487e-10, 3.418137e+00, 1.573769e+00
3.175400e+09, 1.000417e+00, 2.994177e+00, 4.566004e-10, 3.692090e+00, 1.573638e+00
3.179200e+09, 1.000430e+00, 2.983275e+00, 4.565547e-10, 3.966235e+00, 1.573524e+00
3.183000e+09, 1.000442e+00, 2.972375e+00, 4.565117e-10, 4.240590e+00, 1.573423e+00
3.186800e+09, 1.000455e+00, 2.961475e+00, 4.564712e-10, 4.515172e+00, 1.573333e+00
3.190600e+09, 1.000467e+00, 2.950576e+00, 4.564334e-10, 4.790001e+00, 1.573253e+00
3.194400e+09, 1.000478e+00, 2.939678e+00, 4.563980e-10, 5.065094e+00, 1.573180e+00
3.198200e+09, 1.000490e+00, 2.928781e+00, 4.563652e-10, 5.340469e+00, 1.573114e+00
3.202000e+09, 1.000501e+00, 2.917885e+00, 4.563349e-10, 5.616146e+00, 1.573053e+00
3.205800e+09, 1.000512e+00, 2.906990e+00, 4.563071e-10, 5.892141e+00, 1.572997e+00
3.209600e+09, 1.000522e+00, 2.896095e+00, 4.562817e-10, 6.168474e+00, 1.572945e+00
3.213400e+09, 1.000533e+00, 2.885200e+00, 4.562587e-10, 6.445164e+00, 1.572896e+00
3.217200e+09, 1.000543e+00, 2.874307e+00, 4.562382e-10, 6.722228e+00, 1.572850e+00
3.221000e+09, 1.000552e+00, 2.863414e+00, 4.562202e-10, 6.999687e+00, 1.572807e+00
3.224800e+09, 1.000562e+00, 2.852521e+00, 4.562045e-10, 7.277557e+00, 1.572766e+00
3.228600e+09, 1.000570e+00, 2.841628e+00, 4.561912e-10, 7.555859e+00, 1.572726e+00
3.232400e+09, 1.000579e+00, 2.830736e+00, 4.561802e-10, 7.834611e+00, 1.572689e+00
3.236200e+09, 1.000587e+00, 2.819845e+00, 4.561717e-10, 8.113833e+00, 1.572653e+00
3.240000e+09, 1.000595e+00, 2.808953e+00, 4.561654e-10, 8.393543e+00, 1.572619e+00
3.243800e+09, 1.000603e+00, 2.798062e+00, 4.561615e-10, 8.673761e+00, 1.572585e+00
3.247600e+09, 1.000610e+00, 2.787170e+00, 4.561600e-10, 8.954507e+00, 1.572553e+00
3.251400e+09, 1.000617e+00, 2.776279e+00, 4.561607e-10, 9.235800e+00, 1.572522e+00
3.255200e+09, 1.000623e+00, 2.765388e+00, 4.561637e-10, 9.517660e+00, 1.572491e+00
3.259000e+09, 1.000629e+00, 2.754496e+00, 4.561689e-10, 9.800107e+00, 1.572461e+00
3.262800e+09, 1.000634e+00, 2.743605e+00, 4.561765e-10, 1.008316e+01, 1.572432e+00
3.266600e+09, 1.000639e+00, 2.732713e+00, 4.561863e-10, 1.036684e+01, 1.572403e+00
3.270400e+09, 1.000644e+00, 2.721821e+00, 4.561983e-10, 1.065117e+01, 1.572375e+00
3.274200e+09, 1.000648e+00, 2.710929e+00, 4.562125e-10, 1.093617e+01, 1.572348e+00
3.278000e+09, 1.000651e+00, 2.700036e+00, 4.562289e-10, 1.122185e+01, 1.572320e+00
3.281800e+09, 1.000655e+00, 2.689143e+00, 4.562475e-10, 1.150824e+01, 1.572293e+00
3.285600e+09, 1.000657e+00, 2.678250e+00, 4.562683e-10, 1.179537e+01, 1.572266e+00
3.289400e+09, 1.000659e+00, 2.667356e+00, 4.562912e-10, 1.208325e+01, 1.572240e+00
3.293200e+09, 1.000661e+00, 2.656461e+00, 4.563163e-10, 1.237190e+01, 1.572214e+00
3.297000e+09, 1.000662e+00, 2.645566e+00, 4.563435e-10, 1.266134e+01, 1.572188e+00
3.300800e+09, 1.000663e+00, 2.634671e+00, 4.563728e-10, 1.295161e+01, 1.572162e+00
3.304600e+09, 1.000663e+00, 2.623774e+00, 4.564043e-10, 1.324271e+01, 1.572136e+00
3.308400e+09, 1.000663e+00, 2.612877e+00, 4.564378e-10, 1.353467e+01, 1.572110e+00
3.312200e+09, 1.000662e+00, 2.601979e+00, 4.564734e-10, 1.382752e+01, 1.572085e+00
3.316000e+09, 1.000661e+00, 2.591080e+00, 4.565111e-10, 1.412127e+01, 1.572059e+00
3.319800e+09, 1.000659e+00, 2.580181e+00, 4.565508e-10, 1.441596e+01, 1.572034e+00
3.323600e+09, 1.000657e+00, 2.569280e+00, 4.565926e-10, 1.471159e+01, 1.572009e+00
3.327400e+09, 1.000654e+00, 2.558378e+00, 4.566363e-10, 1.500821e+01, 1.571983e+00
3.331200e+09, 1.000651e+00, 2.547476e+00, 4.566822e-10, 1.530582e+01, 1.571958e+00
3.335000e+09, 1.000647e+00, 2.536572e+00, 4.567300e-10, 1.560446e+01, 1.571933e+00
3.338800e+09, 1.000642e+00, 2.525667e+00, 4.567798e-10, 1.590415e+01, 1.571908e+00
3.342600e+09, 1.000637e+00, 2.514761e+00, 4.568315e-10, 1.620491e+01, 1.571882e+00
3.346400e+09, 1.000632e+00, 2.503853e+00, 4.568853e-10, 1.650678e+01, 1.571857e+00
3.350200e+09, 1.000626e+00, 2.492945e+00, 4.569410e-10, 1.680977e+01, 1.571832e+00
3.354000e+09, 1.000619e+00, 2.482035e+00, 4.569987e-10, 1.711390e+01, 1.571806e+00
3.357800e+09, 1.000612e+00, 2.471123e+00, 4.570582e-10, 1.741922e+01, 1.571781e+00
3.361600e+09, 1.000604e+00, 2.460211e+00, 4.571198e-10, 1.772573e+01, 1.571756e+00
3.365400e+09, 1.000596e+00, 2.449296e+00, 4.571832e-10, 1.803348e+01, 1.571730e+00
3.369200e+09, 1.000588e+00, 2.438381e+00, 4.572486e-10, 1.834248e+01, 1.571705e+00
3.373000e+09, 1.000579e+00, 2.427463e+00, 4.573158e-10, 1.865277e+01, 1.571679e+00
3.376800e+09, 1.000569e+00, 2.416544e+00, 4.573850e-10, 1.896437e+01, 1.571654e+00
3.380600e+09, 1.000559e+00, 2.405624e+00, 4.574560e-10, 1.927731e+01, 1.571629e+00
3.384400e+09, 1.000548e+00, 2.394702e+00, 4.575289e-10, 1.959162e+01, 1.571603e+00
3.388200e+09, 1.000537e+00, 2.383778e+00, 4.576037e-10, 1.990733e+01, 1.571577e+00
3.392000e+09, 1.000525e+00, 2.372852e+00, 4.576803e-10, 2.022447e+01, 1.571552e+00
3.395800e+09, 1.000513e+00, 2.361924e+00, 4.577588e-10, 2.054306e+01, 1.571526e+00
3.399600e+09, 1.000501e+00, 2.350995e+00, 4.578392e-10, 2.086315e+01, 1.571501e+00
3.403400e+09, 1.000488e+00, 2.340063e+00, 4.579213e-10, 2.118475e+01, 1.571475e+00
3.407200e+09, 1.000474e+00, 2.329130e+00, 4.580054e-10, 2.150790e+01, 1.571450e+00
3.411000e+09, 1.000460e+00, 2.318194e+00, 4.580913e-10, 2.183264e+01, 1.571424e+00
3.414800e+09, 1.000446e+00, 2.307257e+00, 4.581790e-10, 2.215899e+01, 1.571398e+00
3.418600e+09, 1.000431e+00, 2.296317e+00, 4.582685e-10, 2.248700e+01, 1.571373e+00
3.422400e+09, 1.000416e+00, 2.285376e+00, 4.583599e-10, 2.281668e+01, 1.571347e+00
3.426200e+09, 1.000401e+00, 2.274432e+00, 4.584531e-10, 2.314808e+01, 1.571322e+00
3.430000e+09, 1.000385e+00, 2.263486e+00, 4.585481e-10, 2.348123e+01, 1.571296e+00
3.433800e+09, 1.000368e+00, 2.252538e+00, 4.586450e-10, 2.381617e+01, 1.571271e+00
3.437600e+09, 1.000352e+00, 2.241587e+00, 4.587436e-10, 2.415293e+01, 1.571245e+00
3.441400e+09, 1.000335e+00, 2.230634e+00, 4.588441e-10, 2.449155e+01, 1.571220e+00
3.445200e+09, 1.000317e+00, 2.219678e+00, 4.589464e-10, 2.483207e+01, 1.571194e+00
3.449000e+09, 1.000299e+00, 2.208721e+00, 4.590506e-10, 2.517452e+01, 1.571169e+00
3.452800e+09, 1.000282e+00, 2.197760e+00, 4.591566e-10, 2.551894e+01, 1.571144e+00
3.456600e+09, 1.000263e+00, 2.186797e+00, 4.592644e-10, 2.586538e+01, 1.571119e+00
3.460400e+09, 1.000245e+00, 2.175832e+00, 4.593740e-10, 2.621387e+01, 1.571094e+00
3.464200e+09, 1.000226e+00, 2.164864e+00, 4.594854e-10, 2.656445e+01, 1.571069e+00
3.468000e+09, 1.000207e+00, 2.153893e+00, 4.595988e-10, 2.691717e+01, 1.571044e+00
3.471800e+09, 1.000188e+00, 2.142920e+00, 4.597139e-10, 2.727206e+01, 1.571019e+00
3.475600e+09, 1.000168e+00, 2.131944e+00, 4.598309e-10, 2.762918e+01, 1.570995e+00
3.479400e+09, 1.000149e+00, 2.120965e+00, 4.599497e-10, 2.798855e+01, 1.570971e+00
3.483200e+09, 1.000129e+00, 2.109983e+00, 4.600705e-10, 2.835024e+01, 1.570946e+00
3.487000e+09, 1.000109e+00, 2.098998e+00, 4.601930e-10, 2.871428e+01, 1.570922e+00
3.490800e+09, 1.000089e+00, 2.088010e+00, 4.603175e-10, 2.908073e+01, 1.570899e+00
3.494600e+09, 1.000069e+00, 2.077020e+00, 4.604438e-10, 2.944962e+01, 1.570875e+00
3.498400e+09, 1.000048e+00, 2.066026e+00, 4.605720e-10, 2.982101e+01, 1.570851e+00
3.502200e+09, 1.000028e+00, 2.055030e+00, 4.607022e-10, 3.019495e+01, 1.570828e+00
3.506000e+09, 1.000008e+00, 2.044030e+00, 4.608342e-10, 3.057149e+01, 1.570805e+00
3.509800e+09, 9.999876e-01, 2.033027e+00, 4.609681e-10, 3.095068e+01, 1.570782e+00
3.513600e+09, 9.999673e-01, 2.022021e+00, 4.611040e-10, 3.133257e+01, 1.570760e+00
3.517400e+09, 9.999470e-01, 2.011011e+00, 4.612418e-10, 3.171721e+01, 1.570738e+00
3.521200e+09, 9.999268e-01, 1.999999e+00, 4.613816e-10, 3.210467e+01, 1.570716e+00
3.525000e+09, 9.999067e-01, 1.988983e+00, 4.615233e-10, 3.249500e+01, 1.570694e+00
3.528800e+09, 9.998867e-01, 1.977963e+00, 4.616670e-10, 3.288825e+01, 1.570673e+00
3.532600e+09, 9.998668e-01, 1.966941e+00, 4.618127e-10, 3.328449e+01, 1.570652e+00
3.536400e+09, 9.998470e-01, 1.955914e+00, 4.619604e-10, 3.368377e+01, 1.570631e+00
3.540200e+09, 9.998274e-01, 1.944884e+00, 4.621101e-10, 3.408616e+01, 1.570611e+00
3.544000e+09, 9.998081e-01, 1.933851e+00, 4.622618e-10, 3.449172e+01, 1.570591e+00
3.547800e+09, 9.997889e-01, 1.922814e+00, 4.624155e-10, 3.490051e+01, 1.570571e+00
3.551600e+09, 9.997700e-01, 1.911773e+00, 4.625713e-10, 3.531260e+01, 1.570552e+00
3.555400e+09, 9.997514e-01, 1.900729e+00, 4.627292e-10, 3.572806e+01, 1.570534e+00
3.559200e+09, 9.997331e-01, 1.889681e+00, 4.628891e-10, 3.614695e+01, 1.570515e+00
3.563000e+09, 9.997151e-01, 1.878629e+00, 4.630511e-10, 3.656934e+01, 1.570497e+00
3.566800e+09, 9.996975e-01, 1.867573e+00, 4.632153e-10, 3.699532e+01, 1.570480e+00
3.570600e+09, 9.996802e-01, 1.856513e+00, 4.633815e-10, 3.742495e+01, 1.570463e+00
3.574400e+09, 9.996634e-01, 1.845449e+00, 4.635499e-10, 3.785830e+01, 1.570447e+00
3.578200e+09, 9.996469e-01, 1.834382e+00, 4.637205e-10, 3.829546e+01, 1.570431e+00
3.582000e+09, 9.996310e-01, 1.823310e+00, 4.638932e-10, 3.873650e+01, 1.570415e+00
3.585800e+09, 9.996155e-01, 1.812234e+00, 4.640681e-10, 3.918151e+01, 1.570400e+00
3.589600e+09, 9.996005e-01, 1.801154e+00, 4.642452e-10, 3.963057e+01, 1.570386e+00
3.593400e+09, 9.995860e-01, 1.790069e+00, 4.644245e-10, 4.008377e+01, 1.570372e+00
3.597200e+09, 9.995721e-01, 1.778981e+00, 4.646060e-10, 4.054118e+01, 1.570359e+00
3.601000e+09, 9.995587e-01, 1.767888e+00, 4.647898e-10, 4.100291e+01, 1.570346e+00
3.604800e+09, 9.995460e-01, 1.756790e+00, 4.649758e-10, 4.146904e+01, 1.570334e+00
3.608600e+09, 9.995338e-01, 1.745689e+00, 4.651641e-10, 4.193968e+01, 1.570323e+00
3.612400e+09, 9.995224e-01, 1.734582e+00, 4.653547e-10, 4.241490e+01, 1.570312e+00
3.616200e+09, 9.995115e-01, 1.723471e+00, 4.655476e-10, 4.289483e+01, 1.570302e+00
3.620000e+09, 9.995014e-01, 1.712356e+00, 4.657428e-10, 4.337955e+01, 1.570293e+00
3.623800e+09, 9.994920e-01, 1.701236e+00, 4.659403e-10, 4.386918e+01, 1.570284e+00
3.627600e+09, 9.994833e-01, 1.690111e+00, 4.661401e-10, 4.436382e+01, 1.570276e+00
3.631400e+09, 9.994754e-01, 1.678981e+00, 4.663423e-10, 4.486358e+01, 1.570269e+00
3.635200e+09, 9.994683e-01, 1.667847e+00, 4.665469e-10, 4.536857e+01, 1.570262e+00
3.639000e+09, 9.994620e-01, 1.656708e+00, 4.667538e-10, 4.587892e+01, 1.570256e+00
3.642800e+09, 9.994564e-01, 1.645563e+00, 4.669631e-10, 4.639475e+01, 1.570251e+00
3.646600e+09, 9.994518e-01, 1.634414e+00, 4.671748e-10, 4.691616e+01, 1.570247e+00
3.650400e+09, 9.994479e-01, 1.623260e+00, 4.673889e-10, 4.744331e+01, 1.570243e+00
3.654200e+09, 9.994450e-01, 1.612100e+00, 4.676054e-10, 4.797630e+01, 1.570241e+00
3.658000e+09, 9.994429e-01, 1.600936e+00, 4.678243e-10, 4.851529e+01, 1.570239e+00
3.661800e+09, 9.994417e-01, 1.589766e+00, 4.680456e-10, 4.906040e+01, 1.570238e+00
3.665600e+09, 9.994415e-01, 1.578591e+00, 4.682694e-10, 4.961178e+01, 1.570238e+00
3.669400e+09, 9.994422e-01, 1.567410e+00, 4.684956e-10, 5.016958e+01, 1.570238e+00
3.673200e+09, 9.994439e-01, 1.556225e+00, 4.687242e-10, 5.073395e+01, 1.570240e+00
3.677000e+09, 9.994465e-01, 1.545033e+00, 4.689553e-10, 5.130504e+01, 1.570242e+00
3.680800e+09, 9.994501e-01, 1.533836e+00, 4.691888e-10, 5.188301e+01, 1.570246e+00
3.684600e+09, 9.994547e-01, 1.522634e+00, 4.694248e-10, 5.246803e+01, 1.570250e+00
3.688400e+09, 9.994602e-01, 1.511426e+00, 4.696632e-10, 5.306026e+01, 1.570255e+00
3.692200e+09, 9.994668e-01, 1.500212e+00, 4.699041e-10, 5.365989e+01, 1.570262e+00
3.696000e+09, 9.994744e-01, 1.488993e+00, 4.701474e-10, 5.426709e+01, 1.570269e+00
3.699800e+09, 9.994831e-01, 1.477767e+00, 4.703931e-10, 5.488205e+01, 1.570277e+00
3.703600e+09, 9.994927e-01, 1.466536e+00, 4.706412e-10, 5.550496e+01, 1.570286e+00
3.707400e+09, 9.995034e-01, 1.455299e+00, 4.708918e-10, 5.613602e+01, 1.570296e+00
3.711200e+09, 9.995152e-01, 1.444056e+00, 4.711448e-10, 5.677544e+01, 1.570307e+00
3.715000e+09, 9.995280e-01, 1.432807e+00, 4.714002e-10, 5.742342e+01, 1.570320e+00
3.718800e+09, 9.995418e-01, 1.421552e+00, 4.716580e-10, 5.808019e+01, 1.570333e+00
3.722600e+09, 9.995567e-01, 1.410291e+00, 4.719182e-10, 5.874596e+01, 1.570347e+00
3.726400e+09, 9.995726e-01, 1.399023e+00, 4.721807e-10, 5.942098e+01, 1.570362e+00
3.730200e+09, 9.995896e-01, 1.387749e+00, 4.724456e-10, 6.010548e+01, 1.570379e+00
3.734000e+09, 9.996076e-01, 1.376469e+00, 4.727129e-10, 6.079971e+01, 1.570396e+00
3.737800e+09, 9.996266e-01, 1.365182e+00, 4.729824e-10, 6.150394e+01, 1.570415e+00
3.741600e+09, 9.996467e-01, 1.353889e+00, 4.732543e-10, 6.221841e+01, 1.570434e+00
3.745400e+09, 9.996678e-01, 1.342590e+00, 4.735284e-10, 6.294342e+01, 1.570455e+00
3.749200e+09, 9.996899e-01, 1.331284e+00, 4.738048e-10, 6.367925e+01, 1.570477e+00
3.753000e+09, 9.997131e-01, 1.319971e+00, 4.740834e-10, 6.442618e+01, 1.570500e+00
3.756800e+09, 9.997372e-01, 1.308652e+00, 4.743642e-10, 6.518454e+01, 1.570524e+00
3.760600e+09, 9.997624e-01, 1.297326e+00, 4.746472e-10, 6.595462e+01, 1.570549e+00
3.764400e+09, 9.997885e-01, 1.285993e+00, 4.749323e-10, 6.673677e+01, 1.570576e+00
3.768200e+09, 9.998155e-01, 1.274654e+00, 4.752195e-10, 6.753132e+01, 1.570603e+00
3.772000e+09, 9.998435e-01, 1.263307e+00, 4.755087e-10, 6.833862e+01, 1.570632e+00
3.775800e+09, 9.998725e-01, 1.251954e+00, 4.758000e-10, 6.915905e+01, 1.570662e+00
3.779600e+09, 9.999023e-01, 1.240594e+00, 4.760933e-10, 6.999297e+01, 1.570693e+00
3.783400e+09, 9.999331e-01, 1.229227e+00, 4.763886e-10, 7.084079e+01, 1.570725e+00
3.787200e+09, 9.999647e-01, 1.217852e+00, 4.766857e-10, 7.170292e+01, 1.570759e+00
3.791000e+09, 9.999971e-01, 1.206471e+00, 4.769848e-10, 7.257977e+01, 1.570793e+00
3.794800e+09, 1.000030e+00, 1.195082e+00, 4.772856e-10, 7.347179e+01, 1.570829e+00
3.798600e+09, 1.000064e+00, 1.183687e+00, 4.775882e-10, 7.437945e+01, 1.570866e+00
3.802400e+09, 1.000099e+00, 1.172284e+00, 4.778925e-10, 7.530321e+01, 1.570904e+00
3.806200e+09, 1.000135e+00, 1.160874e+00, 4.781984e-10, 7.624358e+01, 1.570943e+00
3.810000e+09, 1.000171e+00, 1.149456e+00, 4.785060e-10, 7.720108e+01, 1.570984e+00
3.813800e+09, 1.000208e+00, 1.138031e+00, 4.788151e-10, 7.817623e+01, 1.571026e+00
3.817600e+09, 1.000246e+00, 1.126599e+00, 4.791257e-10, 7.916961e+01, 1.571068e+00
3.821400e+09, 1.000284e+00, 1.115159e+00, 4.794378e-10, 8.018180e+01, 1.571113e+00
3.825200e+09, 1.000323e+00, 1.103712e+00, 4.797512e-10, 8.121340e+01, 1.571158e+00
3.829000e+09, 1.000362e+00, 1.092258e+00, 4.800658e-10, 8.226506e+01, 1.571204e+00
3.832800e+09, 1.000402e+00, 1.080795e+00, 4.803817e-10, 8.333744e+01, 1.571252e+00
3.836600e+09, 1.000442e+00, 1.069326e+00, 4.806988e-10, 8.443123e+01, 1.571301e+00
3.840400e+09, 1.000483e+00, 1.057849e+00, 4.810170e-10, 8.554715e+01, 1.571351e+00
3.844200e+09, 1.000524e+00, 1.046364e+00, 4.813361e-10, 8.668597e+01, 1.571402e+00
3.848000e+09, 1.000566e+00, 1.034871e+00, 4.816563e-10, 8.784846e+01, 1.571454e+00
3.851800e+09, 1.000608e+00, 1.023371e+00, 4.819772e-10, 8.903547e+01, 1.571508e+00
3.855600e+09, 1.000650e+00, 1.011864e+00, 4.822990e-10, 9.024785e+01, 1.571562e+00
3.859400e+09, 1.000692e+00, 1.000348e+00, 4.826214e-10, 9.148651e+01, 1.571618e+00
3.863200e+09, 1.000734e+00, 9.888250e-01, 4.829445e-10, 9.275241e+01, 1.571675e+00
3.867000e+09, 1.000777e+00, 9.772942e-01, 4.832680e-10, 9.404653e+01, 1.571733e+00
3.870800e+09, 1.000820e+00, 9.657556e-01, 4.835921e-10, 9.536992e+01, 1.571792e+00
3.874600e+09, 1.000862e+00, 9.542094e-01, 4.839165e-10, 9.672368e+01, 1.571853e+00
3.878400e+09, 1.000905e+00, 9.426553e-01, 4.842411e-10, 9.810896e+01, 1.571914e+00
3.882200e+09, 1.000947e+00, 9.310935e-01, 4.845659e-10, 9.952697e+01, 1.571977e+00
3.886000e+09, 1.000990e+00, 9.195240e-01, 4.848908e-10, 1.009790e+02, 1.572040e+00
3.889800e+09, 1.001032e+00, 9.079467e-01, 4.852157e-10, 1.024663e+02, 1.572105e+00
3.893600e+09, 1.001074e+00, 8.963616e-01, 4.855404e-10, 1.039904e+02, 1.572171e+00
3.897400e+09, 1.001116e+00, 8.847688e-01, 4.858650e-10, 1.055527e+02, 1.572238e+00
3.901200e+09, 1.001157e+00, 8.731682e-01, 4.861892e-10, 1.071548e+02, 1.572305e+00
3.905000e+09, 1.001198e+00, 8.615599e-01, 4.865131e-10, 1.087984e+02, 1.572374e+00
3.908800e+09, 1.001239e+00, 8.499439e-01, 4.868364e-10, 1.104851e+02, 1.572444e+00
3.912600e+09, 1.001279e+00, 8.383201e-01, 4.871590e-10, 1.122168e+02, 1.572515e+00
3.916400e+09, 1.001318e+00, 8.266887e-01, 4.874810e-10, 1.139956e+02, 1.572587e+00
3.920200e+09, 1.001357e+00, 8.150495e-01, 4.878022e-10, 1.158233e+02, 1.572659e+00
3.924000e+09, 1.001395e+00, 8.034027e-01, 4.881224e-10, 1.177023e+02, 1.572733e+00
3.927800e+09, 1.001432e+00, 7.917483e-01, 4.884415e-10, 1.196347e+02, 1.572808e+00
3.931600e+09, 1.001469e+00, 7.800862e-01, 4.887595e-10, 1.216232e+02, 1.572883e+00
3.935400e+09, 1.001504e+00, 7.684165e-01, 4.890763e-10, 1.236702e+02, 1.572959e+00
3.939200e+09, 1.001539e+00, 7.567393e-01, 4.893917e-10, 1.257785e+02, 1.573037e+00
3.943000e+09, 1.001573e+00, 7.450545e-01, 4.897056e-10, 1.279511e+02, 1.573115e+00
3.946800e+09, 1.001606e+00, 7.333622e-01, 4.900179e-10, 1.301911e+02, 1.573193e+00
3.950600e+09, 1.001638e+00, 7.216625e-01, 4.903285e-10, 1.325019e+02, 1.573273e+00
3.954400e+09, 1.001668e+00, 7.099554e-01, 4.906373e-10, 1.348870e+02, 1.573353e+00
3.958200e+09, 1.001697e+00, 6.982409e-01, 4.909442e-10, 1.373502e+02, 1.573434e+00
3.962000e+09, 1.001726e+00, 6.865190e-01, 4.912490e-10, 1.398955e+02, 1.573516e+00
3.965800e+09, 1.001752e+00, 6.747899e-01, 4.915517e-10, 1.425274e+02, 1.573599e+00
3.969600e+09, 1.001778e+00, 6.630536e-01, 4.918521e-10, 1.452505e+02, 1.573682e+00
3.973400e+09, 1.001802e+00, 6.513101e-01, 4.921502e-10, 1.480698e+02, 1.573766e+00
3.977200e+09, 1.001824e+00, 6.395594e-01, 4.924458e-10, 1.509907e+02, 1.573850e+00
3.981000e+09, 1.001845e+00, 6.278018e-01, 4.927388e-10, 1.540190e+02, 1.573935e+00
3.984800e+09, 1.001864e+00, 6.160371e-01, 4.930291e-10, 1.571608e+02, 1.574020e+00
3.988600e+09, 1.001882e+00, 6.042655e-01, 4.933166e-10, 1.604230e+02, 1.574106e+00
3.992400e+09, 1.001898e+00, 5.924870e-01, 4.936012e-10, 1.638128e+02, 1.574192e+00
3.996200e+09, 1.001913e+00, 5.807017e-01, 4.938828e-10, 1.673380e+02, 1.574279e+00
4.000000e+09, 1.001925e+00, 5.689097e-01, 4.938828e-10, 1.710072e+02, 1.574366e+00
